87.352570,-208.837173,94.184128,
87.269402,-208.989502,94.284050,
87.308228,-208.911377,94.210068,
87.325485,-208.873642,94.209808,
87.270744,-208.962463,94.280815,
87.242523,-209.037704,94.343971,
87.262589,-209.017868,94.355423,
87.236626,-209.031921,94.461716,
87.242744,-208.975464,94.499939,
87.269905,-208.891724,94.466698,
87.245567,-208.918411,94.516220,
87.215546,-208.937347,94.528038,
87.130539,-208.928864,94.543739,
87.134850,-208.866089,94.530769,
87.186523,-208.829712,94.529808,
87.171150,-208.842010,94.565964,
87.153000,-208.851822,94.582237,
87.159012,-208.896347,94.608406,
87.119057,-208.964066,94.649796,
87.081474,-209.015167,94.687111,
87.087830,-209.016037,94.725761,
87.142921,-208.931747,94.658821,
87.110924,-208.949173,94.633011,
87.067223,-208.986115,94.648270,
87.104698,-209.001022,94.663597,
87.114182,-209.084152,94.712433,
87.122032,-209.071838,94.654045,
87.097626,-209.043365,94.598358,
87.142868,-209.045776,94.546532,
87.153641,-209.106155,94.524979,
87.098389,-209.184525,94.564529,
87.029472,-209.230972,94.613586,
87.054596,-209.203690,94.598976,
87.045372,-209.240631,94.667137,
87.007126,-209.334900,94.750381,
87.023727,-209.327133,94.638794,
87.057541,-209.266235,94.541718,
87.039886,-209.274536,94.566902,
87.006432,-209.332092,94.603806,
86.944458,-209.416306,94.648819,
86.891113,-209.499771,94.701431,
86.890205,-209.480927,94.595818,
86.905647,-209.487137,94.507042,
86.860603,-209.615814,94.577095,
86.787651,-209.674301,94.586105,
86.723824,-209.671219,94.531265,
86.668564,-209.758209,94.588303,
86.584129,-209.864700,94.624931,
86.499023,-209.934769,94.600319,
86.422989,-210.002182,94.588989,
86.343613,-210.031540,94.579407,
86.282104,-210.057190,94.548943,
86.223480,-210.071747,94.515747,
86.174652,-210.061539,94.475830,
86.144173,-210.043777,94.450172,
86.107719,-209.994843,94.403587,
86.049835,-209.967529,94.370476,
85.986732,-209.936783,94.385254,
85.989426,-209.884644,94.441483,
86.013779,-209.845596,94.524567,
86.047966,-209.801453,94.588799,
86.142281,-209.775833,94.671074,
86.252907,-209.740067,94.771172,
86.378929,-209.616730,94.837677,
86.527290,-209.490768,94.886345,
86.640862,-209.518600,95.076675,
86.765236,-209.508957,95.221046,
86.931778,-209.370407,95.179962,
87.027824,-209.334335,95.293442,
87.062248,-209.421814,95.587082,
87.127586,-209.447861,95.792557,
87.248161,-209.417770,95.933464,
87.310432,-209.457367,96.121117,
87.362511,-209.461258,96.306648,
87.435432,-209.391312,96.448059,
87.463249,-209.285339,96.588593,
87.459732,-209.208664,96.797775,
87.512756,-209.120193,97.054253,
87.627930,-209.000031,97.276009,
87.739151,-208.844116,97.498749,
87.797554,-208.632614,97.814873,
87.810562,-208.403214,98.203659,
87.825897,-208.234146,98.562592,
87.870621,-208.090469,98.932266,
87.940514,-207.841721,99.376984,
87.993118,-207.487579,99.987968,
88.017960,-207.147949,100.680359,
87.998596,-206.920151,101.467178,
88.113091,-206.624466,102.361588,
88.403862,-206.045822,103.287521,
88.807091,-205.411758,104.146255,
89.432915,-204.916687,104.898232,
90.204445,-204.506638,105.788971,
90.899445,-204.256699,106.865463,
91.658020,-204.126373,107.849052,
92.582703,-203.926056,108.692558,
93.522324,-203.679077,109.393440,
94.539177,-203.645401,110.009796,
95.729607,-203.864029,110.700539,
96.933121,-204.062988,111.326782,
98.163467,-204.340500,111.761589,
99.405914,-204.817917,112.012672,
100.727432,-205.491974,112.150513,
102.259636,-206.416275,112.164421,
103.939255,-207.510727,112.045311,
105.787094,-208.806610,111.771553,
107.940186,-210.551590,111.313850,
110.524689,-213.091171,110.785904,
113.548820,-216.621750,110.301933,
116.880768,-221.052246,109.851532,
120.513443,-226.256775,109.351074,
124.387810,-232.316986,108.923500,
128.451508,-239.254807,108.520660,
132.679169,-246.938843,108.082932,
137.074722,-255.377106,107.673836,
141.526947,-264.578796,107.467392,
146.021713,-274.507385,107.483719,
150.717636,-284.947388,107.603844,
155.498001,-295.901306,107.887840,
160.296432,-307.448792,108.328293,
165.263947,-319.525848,108.931717,
170.412888,-332.013977,109.715637,
175.706696,-344.972534,110.778381,
181.212204,-358.234772,112.026993,
187.009613,-371.683044,113.397911,
193.030914,-385.373566,115.044022,
199.182159,-398.937622,116.941978,
205.439682,-412.181213,118.863594,
211.898911,-425.777679,120.442482,
218.329666,-439.564728,122.083115,
224.464539,-452.458374,125.158279,
230.644623,-464.818878,128.340820,
236.955490,-477.067261,130.899857,
243.192078,-489.197876,133.398071,
249.302902,-500.986542,135.989807,
255.337646,-512.251587,138.554474,
261.165131,-523.013428,140.996841,
266.648254,-533.339905,143.282562,
271.727448,-543.108643,145.386795,
276.563965,-552.421326,147.208649,
281.051788,-561.251587,148.675110,
285.157562,-569.525391,149.824554,
288.888824,-577.490295,150.727798,
292.469116,-585.141052,151.193146,
296.013977,-592.394409,151.363159,
299.324860,-598.981873,151.172943,
302.345062,-605.096313,150.795364,
305.162140,-610.755493,150.140152,
307.701263,-616.081970,149.150131,
309.946625,-621.112427,147.975311,
311.997772,-625.591370,146.544693,
313.840515,-629.651489,144.846420,
315.590820,-633.417847,142.900131,
317.228912,-636.738342,140.695892,
318.635620,-639.447021,138.303833,
320.005249,-641.370728,135.836761,
321.786316,-642.553772,133.291748,
323.844757,-643.418213,130.765076,
325.691895,-644.266418,128.345703,
327.329956,-644.725647,125.925018,
328.950195,-644.795410,123.465462,
330.581177,-644.585266,121.056808,
332.139130,-643.916565,118.678566,
333.634979,-642.930969,116.318970,
334.978607,-642.049011,114.111984,
336.092163,-641.311584,112.073433,
336.996307,-640.681091,110.176895,
337.772797,-640.346313,108.509163,
338.394226,-640.388489,107.086044,
338.748993,-640.793396,105.848633,
338.827637,-641.517090,104.729866,
338.804932,-642.467834,103.803734,
338.834381,-643.548706,103.026596,
338.691833,-644.627319,102.348167,
338.429962,-645.600098,101.705322,
338.267334,-646.348633,101.033791,
338.161560,-646.831177,100.351501,
338.053986,-647.115784,99.736565,
338.012604,-647.280212,99.211853,
338.005371,-647.458862,98.744972,
337.948486,-647.758545,98.280251,
337.784485,-648.153137,97.841843,
337.565277,-648.579956,97.442383,
337.363129,-648.998352,97.064796,
337.203186,-649.416565,96.680901,
337.092682,-649.778442,96.283936,
337.021057,-649.978149,95.841141,
336.915649,-650.073853,95.421616,
336.793732,-650.369690,95.183891,
336.673615,-650.680542,94.975708,
336.555176,-650.866760,94.703674,
336.435913,-651.027039,94.431175,
336.314850,-651.188599,94.163239,
336.204956,-651.365662,93.883667,
336.116577,-651.580933,93.659485,
336.052094,-651.763428,93.464409,
335.959320,-651.870911,93.258514,
335.814697,-651.953674,93.073906,
335.679199,-652.092163,92.938248,
335.496887,-652.257446,92.806839,
335.255219,-652.373657,92.617317,
335.009918,-652.420715,92.404663,
334.837463,-652.471130,92.231293,
334.712738,-652.546265,92.116798,
334.602692,-652.646484,92.007973,
334.521027,-652.730530,91.907181,
334.449188,-652.773438,91.807396,
334.377869,-652.799500,91.698235,
334.254547,-652.858582,91.587021,
334.120911,-652.927063,91.474228,
333.958740,-652.971741,91.389053,
333.823853,-653.021790,91.293503,
333.740387,-653.119690,91.175270,
333.680878,-653.195190,91.057823,
333.620758,-653.257629,90.956718,
333.553070,-653.325195,90.851151,
333.502960,-653.376648,90.773041,
333.457092,-653.411743,90.735283,
333.419830,-653.429749,90.690956,
333.372925,-653.414673,90.640068,
333.317139,-653.419434,90.616074,
333.282562,-653.466858,90.595451,
333.248505,-653.512024,90.530861,
333.170685,-653.540894,90.479599,
333.099121,-653.552368,90.429390,
333.073334,-653.554688,90.401062,
333.072937,-653.572693,90.428238,
333.063416,-653.541382,90.441681,
333.016693,-653.502136,90.450729,
332.976288,-653.503418,90.505577,
332.968811,-653.479614,90.577225,
332.946350,-653.399841,90.626854,
332.881073,-653.268921,90.688309,
332.798431,-653.151367,90.794151,
332.689301,-653.004150,90.927559,
332.563721,-652.824280,91.083191,
332.467987,-652.706665,91.305145,
332.363983,-652.564819,91.547188,
332.182007,-652.340576,91.822060,
331.942657,-651.981140,92.129433,
331.680389,-651.549133,92.474289,
331.428345,-651.202454,92.871223,
331.230072,-650.927185,93.243874,
331.039856,-650.641235,93.670166,
330.853760,-650.357178,94.103401,
330.661621,-650.108276,94.498909,
330.450867,-649.892517,94.882385,
330.202942,-649.629944,95.206940,
329.982422,-649.312012,95.526596,
329.810303,-649.101196,95.892754,
329.625702,-648.877197,96.264595,
329.442169,-648.529968,96.653442,
329.346832,-648.206116,97.027565,
329.369873,-648.000000,97.325714,
329.432129,-647.891235,97.614616,
329.487579,-647.796265,97.895264,
329.512054,-647.693420,98.172836,
329.485779,-647.589783,98.523117,
329.356018,-647.466309,98.921371,
329.192078,-647.327820,99.378296,
329.054291,-647.246033,99.914200,
328.892242,-647.326965,100.432312,
328.646210,-647.543030,100.921257,
328.417236,-647.770630,101.373802,
328.251129,-647.932739,101.773750,
328.107666,-648.113159,102.147552,
327.950012,-648.303955,102.502327,
327.772400,-648.466370,102.788246,
327.620972,-648.639160,103.013618,
327.536194,-648.865234,103.179596,
327.496948,-649.044678,103.288422,
327.482178,-649.094788,103.279335,
327.509125,-649.117371,103.158180,
327.637665,-649.109924,102.960747,
327.823151,-649.061035,102.686478,
327.951538,-649.013367,102.350662,
328.041748,-648.973816,101.979797,
328.140717,-648.938538,101.623367,
328.206848,-648.944336,101.207260,
328.302795,-649.069702,100.644852,
328.452148,-649.195557,99.945877,
328.636139,-649.294983,99.253784,
328.801361,-649.486145,98.673187,
328.942505,-649.778564,98.119606,
329.013977,-650.059326,97.513351,
329.000702,-650.289978,96.987228,
328.918915,-650.438416,96.641846,
328.692902,-650.451904,96.454185,
328.286011,-650.381775,96.374580,
327.872162,-650.285522,96.405457,
327.510193,-650.176941,96.485359,
327.193665,-650.105652,96.607674,
326.833832,-650.001831,96.747360,
326.355072,-649.810242,96.897591,
325.822052,-649.572388,97.035553,
325.388397,-649.262451,97.161980,
325.054108,-648.908325,97.279427,
324.750732,-648.636230,97.434128,
324.401276,-648.370544,97.627991,
324.071411,-648.007935,97.906548,
323.744171,-647.530823,98.282013,
323.361511,-646.979309,98.723053,
322.907135,-646.458008,99.214111,
322.439331,-646.019165,99.827492,
321.973206,-645.617920,100.487427,
321.540955,-645.142761,101.010933,
321.072968,-644.615784,101.512794,
320.536957,-644.184631,102.159370,
320.035156,-643.939148,102.883987,
319.460052,-643.837585,103.743767,
318.632446,-643.745972,104.866058,
317.647583,-643.562622,106.172234,
316.681061,-643.358337,107.595276,
315.642670,-643.100952,109.139053,
314.428345,-642.834534,110.822159,
313.308899,-642.533447,112.481079,
312.383087,-642.095520,114.049377,
311.430359,-641.554871,115.480980,
310.531158,-640.981812,116.629471,
309.825073,-640.345215,117.594231,
309.330444,-639.561157,118.420647,
309.002472,-638.659485,119.080833,
308.794220,-637.762085,119.740883,
308.571045,-636.828491,120.548065,
308.173737,-635.864197,121.470459,
307.763855,-634.838806,122.344933,
307.677979,-633.740234,123.121811,
307.932495,-632.502686,123.853546,
308.487427,-631.058716,124.338264,
309.373230,-629.331848,124.617836,
310.300690,-627.412415,125.088959,
311.194122,-625.431335,126.006317,
311.949921,-623.801392,127.682961,
312.275665,-622.499939,130.220978,
311.811737,-621.368225,133.768814,
310.524261,-619.987244,138.148468,
308.702209,-617.889771,143.062851,
306.816376,-614.672546,148.356445,
304.993103,-610.095764,153.903214,
303.149933,-603.772705,159.557388,
300.998322,-595.605774,165.345795,
298.190430,-585.629089,171.134323,
295.765472,-573.842957,176.648621,
295.881714,-560.299622,181.467957,
298.948669,-545.148865,185.015060,
303.106293,-529.103394,187.565002,
307.392700,-513.070313,189.729492,
312.135742,-497.592041,191.674484,
317.207672,-482.870667,193.344971,
322.128784,-468.492798,194.439438,
326.775574,-453.888916,194.611740,
331.397797,-438.677979,193.751297,
336.165649,-422.575531,191.883270,
340.936554,-405.671021,189.111877,
345.303711,-388.621765,185.502716,
349.023651,-371.599884,181.075989,
352.159698,-354.707001,175.965012,
354.604370,-337.862488,170.415466,
355.911469,-321.245361,164.481934,
357.060150,-305.182709,158.308655,
361.681458,-290.823242,152.937363,
371.640137,-279.756256,149.625214,
381.980682,-271.970123,147.763138,
388.520264,-266.053436,145.960327,
391.870056,-261.173248,143.486908,
394.223480,-257.499207,140.728195,
396.786530,-255.443512,138.288925,
398.645966,-255.056870,136.214462,
399.049774,-256.024628,134.577316,
398.355408,-257.477722,133.717545,
396.919647,-258.563995,133.709061,
395.077087,-258.910461,134.308289,
393.077148,-258.470520,134.753922,
391.251709,-257.040894,134.682053,
390.037048,-254.643478,134.685806,
389.791626,-251.192825,135.000671,
390.363068,-246.524643,135.371094,
391.301361,-240.918045,135.696091,
392.706360,-234.803055,136.151810,
394.566101,-228.299835,136.835281,
396.250153,-221.532471,137.747406,
397.045746,-214.927277,138.753860,
396.921021,-208.535645,139.666367,
396.301971,-201.899200,140.277969,
395.519012,-194.573898,140.501297,
394.770233,-186.596939,140.222794,
394.183838,-178.274994,139.339142,
393.743896,-169.848312,137.895966,
393.547089,-161.388947,136.106918,
393.648071,-152.786285,134.221268,
393.764771,-144.081268,132.568680,
393.733978,-135.679993,131.368057,
393.284851,-127.743401,130.579910,
392.175446,-120.240349,130.100082,
390.307129,-113.163940,129.697678,
387.866302,-106.342743,128.985886,
385.038269,-99.663963,128.090302,
381.799438,-93.481331,126.950287,
378.086578,-87.905800,125.727890,
373.698547,-82.979584,124.659714,
368.593994,-78.666679,123.640205,
362.749176,-74.831322,122.517570,
356.195953,-71.298439,121.152763,
349.100067,-67.904495,119.614182,
341.527557,-64.659111,118.077591,
333.640808,-61.555992,116.542274,
325.727448,-58.658546,115.005096,
317.947968,-55.891407,113.606682,
310.383484,-53.130127,112.356697,
303.969177,-50.487698,111.401413,
300.080841,-48.434750,110.971024,
298.906616,-47.574570,111.387352,
299.740723,-47.676708,112.488243,
301.632324,-48.149727,113.583649,
303.559174,-48.694920,114.086502,
304.548462,-49.010773,113.791496,
304.452789,-49.015015,113.003304,
304.268250,-48.979561,112.242012,
304.684814,-49.062004,111.618484,
305.316833,-49.113644,110.902451,
305.702850,-49.088657,110.017166,
306.004364,-49.006004,109.201477,
306.376373,-48.943207,108.644630,
306.652740,-49.036198,108.157341,
306.780182,-49.268925,107.629005,
306.842224,-49.619347,107.060257,
306.826233,-50.056114,106.518333,
306.753815,-50.528244,106.107376,
306.667847,-50.979942,105.857323,
306.523346,-51.357327,105.763290,
306.293427,-51.669163,105.697884,
306.085846,-51.889526,105.633827,
305.921600,-52.046463,105.593948,
305.665192,-52.162121,105.538445,
305.388794,-52.252293,105.605881,
305.139954,-52.324760,105.789436,
304.873260,-52.391819,106.007935,
304.564758,-52.443134,106.320488,
304.183685,-52.533646,106.719666,
303.802826,-52.640488,107.092720,
303.494446,-52.712765,107.411255,
303.171844,-52.756798,107.807076,
302.750916,-52.773499,108.320564,
302.338379,-52.733013,108.864609,
302.032776,-52.637264,109.368019,
301.764862,-52.519642,109.873047,
301.449188,-52.392170,110.384666,
301.133301,-52.242756,110.901726,
300.863251,-52.023594,111.470528,
300.588318,-51.789474,112.127960,
300.244385,-51.521141,112.866058,
299.791016,-51.187584,113.557701,
299.343048,-50.869362,114.124588,
298.919861,-50.668484,114.676491,
298.429077,-50.496918,115.421638,
297.866821,-50.239590,116.296005,
297.216492,-49.983852,117.153702,
296.553650,-49.765560,117.921074,
295.877106,-49.569351,118.717903,
295.273895,-49.453342,119.555542,
294.774048,-49.430077,120.421913,
294.234253,-49.369556,121.290001,
293.690887,-49.330215,122.033012,
293.197052,-49.372765,122.683868,
292.791840,-49.393200,123.302490,
292.417419,-49.306961,123.937286,
292.116486,-49.247879,124.587936,
291.921356,-49.258488,125.236359,
291.792694,-49.242363,125.801567,
291.694061,-49.155411,126.283707,
291.576538,-48.962090,126.801773,
291.456940,-48.730091,127.351089,
291.385559,-48.501495,127.861305,
291.334015,-48.254509,128.312027,
291.322632,-47.964302,128.682236,
291.360229,-47.612522,129.071213,
291.341858,-47.219803,129.542435,
291.295471,-46.887524,130.056503,
291.243469,-46.553196,130.607895,
291.167725,-46.154221,131.124741,
291.020905,-45.749538,131.570251,
290.863007,-45.433647,132.011215,
290.736603,-45.124680,132.490463,
290.615845,-44.831150,132.995178,
290.513489,-44.550720,133.516907,
290.410645,-44.275127,133.986969,
290.293549,-43.994984,134.392639,
290.130524,-43.812729,134.801285,
289.968842,-43.688313,135.147842,
289.885345,-43.543262,135.451675,
289.844208,-43.408272,135.774277,
289.789459,-43.281010,136.061264,
289.737946,-43.185150,136.327972,
289.691406,-43.162701,136.613434,
289.688263,-43.074715,136.877472,
289.708160,-42.943138,137.112152,
289.687347,-42.874382,137.352478,
289.617920,-42.853359,137.578934,
289.553070,-42.832821,137.806290,
289.494904,-42.766914,138.033279,
289.436554,-42.637650,138.192642,
289.402161,-42.570343,138.290527,
289.388580,-42.565922,138.365860,
289.428375,-42.551567,138.413559,
289.510620,-42.514660,138.450668,
289.587982,-42.467224,138.456528,
289.665985,-42.406658,138.459778,
289.779144,-42.347599,138.483093,
289.920410,-42.309425,138.471878,
290.035583,-42.278793,138.437225,
290.048920,-42.254185,138.445908,
290.008362,-42.301888,138.471252,
289.988983,-42.423702,138.459290,
289.988953,-42.583813,138.431061,
289.980591,-42.773701,138.350052,
289.937042,-42.979713,138.207748,
289.861511,-43.201710,137.996399,
289.811981,-43.446678,137.706360,
289.876526,-43.721577,137.326981,
289.952026,-43.935474,136.800705,
290.030548,-44.102623,136.190216,
290.258392,-44.270741,135.518997,
290.633301,-44.359215,134.757599,
291.001831,-44.348835,133.863876,
291.340851,-44.321877,132.862305,
291.825134,-44.348991,131.832626,
292.464905,-44.302486,130.748154,
293.150482,-44.193462,129.533234,
293.754578,-44.074867,128.264847,
294.375183,-43.939693,127.024719,
295.005127,-43.810802,125.811630,
295.406036,-43.710705,124.708603,
295.701630,-43.704605,123.579628,
296.034729,-43.828064,122.420509,
296.367706,-44.102493,121.375275,
296.706818,-44.544743,120.413857,
296.937927,-45.171490,119.481468,
296.977631,-45.900253,118.539597,
296.888794,-46.575306,117.626701,
296.815765,-47.211094,116.798950,
296.774872,-47.976089,115.997787,
296.787689,-48.996159,115.130791,
296.879211,-50.083580,114.398170,
296.972382,-50.982948,113.786026,
297.024811,-51.710239,113.059387,
297.154297,-52.405701,112.239624,
297.331085,-53.047108,111.518562,
297.434052,-53.614433,110.965584,
297.477417,-54.148102,110.401360,
297.544159,-54.629452,109.767242,
297.648499,-55.030651,109.166344,
297.736816,-55.465691,108.659737,
297.813721,-55.951462,108.163750,
297.897766,-56.373714,107.570740,
297.985077,-56.774609,106.964714,
298.123352,-57.278412,106.391792,
298.286346,-57.778572,105.796577,
298.462769,-58.211567,105.185120,
298.586365,-58.671249,104.604538,
298.631836,-59.184792,104.155098,
298.651154,-59.627537,103.879311,
298.608429,-59.948639,103.732574,
298.536591,-60.230820,103.629807,
298.493652,-60.495369,103.565430,
298.454071,-60.758743,103.559669,
298.411682,-61.042446,103.592819,
298.380280,-61.328300,103.641846,
298.331604,-61.682751,103.692795,
298.280182,-62.080853,103.745132,
298.173035,-62.417492,103.810455,
298.091644,-62.712524,103.889534,
298.078339,-62.979050,103.969688,
298.095581,-63.185257,104.026321,
298.175812,-63.327724,104.036705,
298.305847,-63.452454,104.037415,
298.436188,-63.547398,104.034882,
298.560730,-63.608345,104.039986,
298.667389,-63.656788,104.061600,
298.726288,-63.775562,104.124947,
298.788849,-63.903465,104.210411,
298.863708,-63.965218,104.284386,
298.918701,-63.994080,104.390442,
299.006989,-64.004166,104.477036,
299.082764,-63.957001,104.529137,
299.122864,-63.859161,104.592659,
299.111633,-63.715927,104.686165,
299.093414,-63.592758,104.767090,
299.026703,-63.543880,104.775078,
298.899384,-63.547394,104.676231,
298.721802,-63.613396,104.523415,
298.475586,-63.734840,104.332932,
298.331665,-63.854568,104.046738,
298.306122,-63.919327,103.673950,
298.264771,-63.975151,103.295189,
298.269409,-64.085472,102.956673,
298.345581,-64.257843,102.661377,
298.483032,-64.491318,102.418793,
298.590393,-64.822563,102.231865,
298.651428,-65.278610,102.085335,
298.629639,-65.853928,101.966423,
298.561615,-66.648834,101.894371,
298.500397,-67.712128,101.845261,
298.451660,-69.092850,101.763725,
298.448700,-70.889969,101.784843,
298.491974,-72.999565,101.875610,
298.568695,-75.536476,101.989258,
298.646393,-78.778648,102.277473,
298.690887,-82.566856,102.700974,
298.733856,-86.530815,103.073441,
298.880127,-90.784973,103.562576,
299.076141,-95.608398,104.432076,
299.971893,-101.194344,105.515442,
301.583344,-107.640419,106.770340,
303.072571,-114.921379,108.316429,
304.584961,-122.863235,109.905060,
306.370789,-131.407578,111.489227,
308.381653,-140.557816,113.136902,
310.370239,-150.294525,114.884727,
312.264709,-160.501511,116.734657,
314.067566,-171.215897,118.709236,
315.743286,-182.519073,120.668465,
317.324036,-194.466965,122.741722,
318.767914,-206.742645,124.866524,
320.068512,-219.158264,127.055168,
321.295013,-231.954178,129.357910,
322.507263,-245.271118,131.744598,
323.579071,-258.781067,134.161499,
324.280304,-272.404114,136.678558,
324.842560,-286.311371,139.388031,
325.338959,-300.491364,142.199005,
325.608765,-314.669708,145.036545,
325.680664,-328.742615,147.928864,
325.611298,-342.931549,150.877747,
325.559052,-357.106628,153.756027,
325.402588,-371.214905,156.708359,
325.047089,-385.214844,159.688522,
324.598541,-398.977692,162.542480,
324.076721,-412.654572,165.249924,
323.501007,-426.155243,167.919998,
322.931580,-439.286621,170.469086,
322.138062,-452.144135,172.740982,
321.211731,-464.776703,174.787048,
320.201141,-476.932037,176.687988,
319.006958,-488.708435,178.361755,
317.756622,-500.175659,179.698410,
316.535858,-511.386047,180.819443,
315.413422,-522.129700,181.735809,
314.359192,-532.350891,182.390915,
313.262909,-542.139343,182.763519,
312.231689,-551.454895,182.929535,
311.365936,-560.294922,182.856674,
310.521759,-568.672546,182.465454,
309.632111,-576.689514,181.700348,
308.745941,-584.232422,180.591095,
307.930664,-591.183228,179.195221,
307.106140,-597.578003,177.455261,
306.216309,-603.525085,175.282043,
304.954987,-608.867798,172.575699,
303.830109,-613.803772,169.489548,
304.245483,-618.605530,166.448013,
306.190033,-622.943359,163.438705,
308.548340,-626.539063,160.356064,
311.084930,-629.839722,157.211563,
313.759766,-633.023376,153.713654,
316.253571,-635.700073,149.804001,
318.754059,-637.804810,145.755356,
321.520416,-639.601135,141.766022,
324.415802,-641.078308,137.777237,
327.165497,-642.153381,133.741272,
329.657654,-642.974304,129.864029,
331.718872,-643.668823,126.306503,
333.395233,-644.354248,123.038559,
334.757111,-645.007019,119.993088,
335.854645,-645.770813,117.322182,
336.517670,-646.757202,114.972717,
336.766541,-648.023560,112.894981,
336.694122,-649.341125,111.043327,
336.408661,-650.525574,109.463219,
336.096924,-651.772461,108.068771,
335.861664,-653.082886,106.779243,
335.858337,-654.178406,105.611465,
336.131378,-654.933594,104.419014,
336.479614,-655.526123,103.181664,
336.796051,-656.177246,102.067039,
337.079224,-656.948059,101.122063,
337.241150,-657.766663,100.397636,
337.280762,-658.580078,99.887009,
337.290253,-659.251160,99.457489,
337.284668,-659.787354,99.123596,
337.310425,-660.266785,98.903236,
337.355255,-660.631897,98.655090,
337.404663,-660.913940,98.334229,
337.525970,-661.241516,98.019646,
337.698486,-661.596069,97.753120,
337.834076,-661.938232,97.479767,
337.929657,-662.255920,97.176300,
338.023376,-662.596191,96.876007,
338.109741,-662.952576,96.647789,
338.199036,-663.272095,96.462906,
338.289612,-663.547729,96.221535,
338.398743,-663.794739,95.925491,
338.499237,-664.026184,95.669296,
338.587799,-664.267578,95.514618,
338.704071,-664.470093,95.348259,
338.799835,-664.601196,95.087837,
338.829865,-664.745117,94.845764,
338.823547,-664.923767,94.720505,
338.772186,-665.065002,94.672890,
338.695404,-665.114075,94.597610,
338.619995,-665.112610,94.522346,
338.501038,-665.031433,94.493607,
338.329865,-664.929749,94.484230,
338.129822,-664.832031,94.487648,
337.924591,-664.692810,94.510475,
337.739014,-664.599976,94.579979,
337.529083,-664.606140,94.653374,
337.290771,-664.578613,94.654633,
337.095642,-664.508545,94.643913,
336.916138,-664.463135,94.696877,
336.742493,-664.426086,94.771545,
336.606659,-664.369751,94.879036,
336.510803,-664.302612,94.989792,
336.436035,-664.273376,95.041054,
336.395782,-664.280334,95.036537,
336.360199,-664.329041,95.009659,
336.320526,-664.432190,94.985962,
336.308258,-664.538269,94.956039,
336.316101,-664.587524,94.902725,
336.342041,-664.646362,94.840630,
336.411255,-664.713562,94.771141,
336.490875,-664.776428,94.724335,
336.550995,-664.864929,94.712029,
336.635864,-664.937378,94.675018,
336.699341,-664.974426,94.623703,
336.777374,-665.021179,94.566154,
336.859802,-665.078308,94.477051,
336.919647,-665.171936,94.397247,
336.988922,-665.279053,94.328323,
337.073761,-665.337585,94.221764,
337.163757,-665.397888,94.122208,
337.246002,-665.508545,94.031853,
337.323761,-665.611694,93.873398,
337.394287,-665.692688,93.671654,
337.473694,-665.754089,93.490349,
337.548279,-665.829102,93.329887,
337.581787,-665.927002,93.154976,
337.549835,-665.981140,93.009659,
337.446777,-665.996887,92.900177,
337.355560,-666.008484,92.792336,
337.298248,-665.982849,92.682716,
337.173309,-665.935974,92.602142,
337.041840,-665.934814,92.576508,
336.923584,-665.933533,92.576195,
336.816345,-665.885254,92.578918,
336.718170,-665.830322,92.602264,
336.595886,-665.784973,92.631027,
336.466919,-665.697510,92.655815,
336.353882,-665.581543,92.686661,
336.225067,-665.478516,92.735107,
336.054596,-665.421814,92.801567,
335.843658,-665.374512,92.909531,
335.695007,-665.314758,93.012131,
335.626617,-665.270081,93.021126,
335.580078,-665.203979,92.975571,
335.552399,-665.070740,92.898972,
335.425659,-664.875549,92.887756,
335.207642,-664.749329,92.968925,
335.095947,-664.564819,92.918488,
334.920593,-664.283691,92.849663,
334.664398,-664.013428,92.855278,
334.422516,-663.825684,92.866501,
334.215088,-663.687561,92.885185,
334.031342,-663.555176,92.923676,
333.924622,-663.476624,92.959923,
333.868927,-663.405273,92.982811,
333.756958,-663.327942,93.020760,
333.603546,-663.259766,93.094933,
333.474396,-663.201538,93.192886,
333.368561,-663.156311,93.284279,
333.292572,-663.084229,93.354080,
333.178131,-662.984253,93.468651,
332.979675,-662.873230,93.695541,
332.816345,-662.652100,93.932854,
332.624756,-662.329163,94.222084,
332.470062,-661.974976,94.479187,
332.394958,-661.575317,94.760353,
332.133698,-661.064270,95.220406,
331.805359,-660.566772,95.710625,
331.579620,-660.096069,96.080872,
331.352386,-659.514099,96.385628,
331.201996,-658.966309,96.657135,
331.159912,-658.566223,96.945175,
331.099457,-658.179138,97.341125,
330.883270,-657.716675,97.846619,
330.546295,-657.166016,98.334579,
330.246887,-656.453491,98.828117,
329.803345,-655.482178,99.496635,
329.250366,-654.457886,100.225601,
328.865234,-653.512390,100.761528,
328.777252,-652.509766,101.198189,
328.829498,-651.538696,101.688545,
328.760956,-650.843933,102.174667,
328.395264,-650.361877,102.705948,
327.704346,-650.100098,103.538498,
326.776978,-650.018188,104.778687,
325.632019,-649.810669,106.207954,
324.303619,-649.475342,107.837608,
322.753723,-649.106567,109.779564,
321.186768,-648.510864,111.775986,
319.871826,-647.814026,113.614876,
318.627014,-647.116943,115.213425,
317.401703,-646.533447,116.614769,
316.476227,-646.060486,117.595375,
315.939240,-645.565918,118.178062,
315.601563,-645.079651,118.391258,
315.433746,-644.690979,118.218231,
315.489960,-644.371765,117.765800,
315.691986,-644.039917,117.225388,
315.902527,-643.697205,116.800789,
315.977112,-643.335510,116.670181,
315.753876,-642.881775,116.881195,
315.299042,-642.369507,117.350159,
314.722076,-641.896301,117.999809,
314.143768,-641.507629,118.766853,
313.679718,-641.178528,119.459244,
313.372528,-640.925781,120.056610,
313.176514,-640.589966,120.677490,
313.067139,-639.921265,121.369934,
313.010834,-638.739929,122.114746,
313.200134,-637.168335,122.863251,
313.662140,-635.281067,123.570412,
314.373169,-633.176941,124.081276,
315.456390,-630.967834,124.354340,
316.656494,-628.949768,124.568428,
317.676086,-627.273682,124.823860,
318.409882,-626.054321,125.316040,
318.790344,-625.193481,126.238121,
318.978241,-624.206421,127.600739,
319.126617,-622.993835,129.148773,
319.287750,-621.682800,130.938858,
319.428589,-620.340210,133.117783,
319.525085,-618.964722,135.598984,
319.471924,-617.476563,138.329987,
319.137329,-615.764465,141.524048,
318.548492,-613.369934,145.319534,
317.785583,-609.680603,149.647507,
316.858185,-604.233704,154.330490,
316.006714,-596.546204,159.080719,
315.622162,-586.263000,163.420715,
316.030151,-573.102234,166.741898,
317.654999,-557.187134,168.814743,
320.959015,-539.185669,169.595566,
325.619293,-519.500183,168.987442,
330.536224,-498.176788,167.345688,
335.387970,-475.154266,165.189697,
340.812683,-451.055115,162.705185,
346.675629,-426.359894,160.067780,
352.580994,-401.202972,157.402069,
358.285919,-375.745087,154.944351,
363.644226,-350.355438,153.088242,
368.469818,-325.460602,151.904846,
372.632080,-301.030762,151.125259,
376.531189,-276.764832,150.422836,
380.512390,-252.564545,149.670303,
384.476379,-228.115707,148.921783,
388.030701,-203.581635,148.304993,
390.677002,-179.547073,147.829300,
392.037476,-156.461945,147.334351,
391.947968,-134.516434,146.632782,
390.626923,-113.485184,145.435394,
388.443359,-92.590446,143.330536,
386.033875,-71.477142,140.243668,
383.940186,-50.466766,136.400131,
381.967682,-29.713726,131.929382,
379.984314,-9.522562,127.124916,
378.031738,9.782726,122.371269,
375.909607,28.089174,118.001907,
373.751282,45.411629,114.296577,
371.922791,61.486950,111.511719,
370.386230,76.097572,109.584831,
368.894226,89.264381,108.375305,
367.426727,101.058090,107.638603,
366.207794,111.622414,107.444077,
365.029999,120.927170,107.863297,
363.855316,129.005280,108.661293,
362.835938,135.961700,109.744621,
362.151642,141.991989,110.907372,
361.839294,147.255554,111.885277,
361.697083,151.747681,112.656853,
361.788330,155.610367,113.333885,
362.163879,158.887451,113.871742,
362.493774,161.487747,114.241219,
362.889496,163.459900,114.300957,
363.305786,164.747925,114.142731,
363.781158,165.513916,113.679901,
364.367218,165.858994,112.982262,
364.925629,165.799576,112.378899,
365.474518,165.303650,111.667183,
366.106415,164.478378,110.834412,
366.841553,163.390488,110.145149,
367.640106,162.029709,109.536087,
368.437469,160.460022,108.806129,
369.099670,158.780746,108.030441,
369.531769,157.079941,107.219063,
369.786713,155.454941,106.269791,
370.005707,154.134933,105.378250,
370.440308,153.154083,104.619629,
370.975464,152.438995,103.812294,
371.277924,152.049042,103.054596,
371.512817,152.045624,102.440239,
371.935577,152.434967,101.841293,
372.460022,153.092178,101.136810,
372.936127,153.817230,100.465820,
373.343140,154.514999,99.882416,
373.700989,155.029312,99.396248,
374.002350,155.231003,99.101761,
374.070038,155.110641,98.910065,
373.890106,154.770615,98.787636,
373.643097,154.381943,98.765640,
373.422546,154.027496,98.684624,
373.243927,153.686035,98.515556,
373.090027,153.381699,98.406036,
372.973480,153.195129,98.344322,
372.945618,153.146240,98.262894,
373.027130,153.205154,98.152565,
373.137787,153.267410,98.020050,
373.181915,153.263474,97.943161,
373.193420,153.195267,97.873260,
373.215759,153.120102,97.751526,
373.211700,153.022644,97.678169,
373.176239,152.901489,97.626785,
373.146454,152.751083,97.581146,
373.108948,152.601913,97.565269,
373.067474,152.523453,97.543221,
373.055176,152.413818,97.472206,
373.080627,152.268311,97.447136,
373.152039,152.163361,97.446434,
373.233337,152.092865,97.416229,
373.274872,151.967850,97.386604,
373.264771,151.812500,97.418610,
373.257050,151.651047,97.472755,
373.275024,151.471558,97.467430,
373.321350,151.317612,97.463165,
373.347656,151.203781,97.498100,
373.359253,151.125992,97.543304,
373.387360,151.094482,97.606903,
373.431000,151.080490,97.698624,
373.454895,151.074295,97.796394,
373.502930,151.111313,97.881767,
373.580475,151.144562,97.995163,
373.639893,151.154984,98.117188,
373.703369,151.159714,98.266365,
373.762115,151.197220,98.468124,
373.816010,151.275497,98.666115,
373.888275,151.301239,98.828560,
374.001984,151.279694,99.025810,
374.062836,151.254517,99.254288,
374.022491,151.259277,99.511787,
374.007111,151.269196,99.752754,
374.024872,151.274429,99.981140,
373.980896,151.292038,100.230766,
373.939880,151.346527,100.476578,
373.935547,151.447189,100.706825,
373.919067,151.548706,100.957016,
373.904480,151.598129,101.241180,
373.918091,151.619400,101.570641,
373.896362,151.646896,101.984215,
373.839142,151.699051,102.431129,
373.790436,151.772354,102.856956,
373.755829,151.856354,103.279770,
373.676270,151.906036,103.726357,
373.585510,151.921753,104.197273,
373.532349,151.907669,104.697342,
373.436768,151.907944,105.274071,
373.319519,151.882050,105.864594,
373.181976,151.834976,106.431152,
373.034332,151.834106,107.103210,
372.876007,151.826782,107.903427,
372.679688,151.833313,108.743347,
372.406097,151.807678,109.618401,
372.087830,151.710373,110.487915,
371.810516,151.638916,111.336052,
371.457764,151.515396,112.278557,
370.937531,151.266281,113.315056,
370.354126,150.916168,114.312302,
369.747162,150.465637,115.381897,
369.164734,149.966660,116.466614,
368.715973,149.382965,117.397186,
368.334045,148.661362,118.328545,
367.776001,147.753784,119.452316,
367.069916,146.578613,120.716919,
366.412842,145.245224,121.959389,
365.716614,143.832260,123.137428,
364.901093,142.259674,124.298744,
364.063416,140.576447,125.437073,
363.408630,138.715973,126.635017,
362.963806,136.575424,127.886238,
362.568268,134.200775,129.140579,
362.313690,131.647705,130.450058,
361.999969,128.669510,131.947830,
361.607819,125.254883,133.538925,
361.156708,121.550758,135.113174,
360.480011,117.539055,136.631821,
359.461395,113.125801,137.955948,
358.139435,108.331596,139.214462,
356.618164,103.307930,140.426300,
354.784760,98.095100,141.483521,
352.516663,92.625389,142.373856,
349.969177,86.888779,143.206726,
347.190216,80.981331,143.943268,
344.146851,74.986229,144.497253,
341.034576,68.898666,144.868271,
337.955872,62.710159,145.179108,
334.949432,56.580360,145.439316,
331.856964,50.476063,145.515625,
328.439301,44.375874,145.412201,
324.965637,38.346992,145.144470,
321.567993,32.411652,144.751724,
318.070648,26.606819,144.189346,
314.487366,21.027514,143.546188,
310.883270,15.644980,142.751526,
307.245209,10.457100,141.743988,
303.552979,5.441615,140.564377,
299.849640,0.677338,139.176575,
296.202423,-3.728416,137.588959,
292.547089,-7.856252,135.813461,
288.818451,-11.622945,133.901581,
285.163574,-15.019390,131.858017,
282.365814,-18.387165,129.765915,
281.277191,-21.847761,128.070541,
281.630402,-25.140942,126.794617,
282.464203,-28.180731,125.596565,
282.731140,-30.858210,123.893906,
282.227570,-32.970333,121.740936,
281.987305,-34.719955,119.745323,
282.461731,-36.230968,117.954582,
283.048767,-37.314098,116.244949,
283.451996,-37.999844,114.535248,
283.994995,-38.278061,112.911545,
284.791962,-38.166767,111.372421,
285.627960,-38.059124,109.893333,
286.365875,-38.068245,108.632011,
286.814697,-38.197861,107.499077,
286.928955,-38.568062,106.432335,
286.826996,-39.280067,105.508591,
286.598328,-40.272156,104.710968,
286.248749,-41.404316,104.003731,
285.929749,-42.460896,103.348167,
285.825165,-43.334900,102.699951,
285.885132,-44.038986,102.019150,
285.935272,-44.546604,101.445473,
286.067688,-44.986317,100.987450,
286.167511,-45.456409,100.592987,
286.174011,-45.919331,100.230141,
286.099731,-46.401653,99.918144,
285.962952,-46.945404,99.595490,
285.822174,-47.516251,99.270851,
285.726563,-48.041676,99.039375,
285.679077,-48.553158,98.883011,
285.652100,-49.062176,98.692619,
285.748260,-49.568829,98.389885,
285.896790,-50.127987,97.995819,
286.001953,-50.712749,97.557587,
286.130402,-51.284019,97.111603,
286.312469,-51.827908,96.692238,
286.442505,-52.273891,96.339661,
286.550049,-52.690933,96.075966,
286.679779,-53.101040,95.847702,
286.835083,-53.504353,95.587898,
286.971832,-53.955994,95.321373,
287.031952,-54.395069,95.060509,
287.138824,-54.803577,94.803749,
287.298187,-55.178715,94.503609,
287.409363,-55.518452,94.221565,
287.483887,-55.824814,94.046547,
287.556580,-56.168064,93.916084,
287.632111,-56.572983,93.722832,
287.770691,-57.009655,93.511894,
287.999146,-57.368023,93.322708,
288.287018,-57.628914,93.104439,
288.543396,-57.895729,92.862892,
288.726959,-58.197922,92.625496,
288.886658,-58.429512,92.324638,
289.060333,-58.658115,92.046112,
289.007568,-58.924942,92.001640,
288.962189,-59.218487,91.919708,
289.049072,-59.484932,91.724808,
289.126617,-59.641506,91.532425,
289.153748,-59.738037,91.340485,
289.218567,-59.793343,91.147446,
289.345367,-59.788074,90.942467,
289.461334,-59.806145,90.795723,
289.473877,-59.912064,90.724388,
289.452209,-59.995842,90.642235,
289.452820,-60.017746,90.567947,
289.426941,-60.044823,90.520004,
289.343445,-60.098015,90.461113,
289.226959,-60.133469,90.418976,
289.144745,-60.136639,90.383179,
289.054535,-60.122494,90.374344,
288.995941,-60.129601,90.353340,
288.973907,-60.168915,90.338837,
288.915100,-60.240501,90.360687,
288.783295,-60.324703,90.414536,
288.672852,-60.388397,90.482185,
288.584503,-60.456436,90.627602,
288.498840,-60.538647,90.832535,
288.396667,-60.609604,91.071556,
288.220123,-60.658508,91.408180,
287.956421,-60.771484,91.844215,
287.656952,-60.990540,92.322350,
287.369019,-61.339371,92.768333,
286.997162,-61.861145,93.225212,
286.541595,-62.508808,93.737770,
286.164581,-63.333939,94.295586,
285.811951,-64.573860,94.891098,
285.377472,-66.342789,95.469994,
284.884338,-68.598801,95.992798,
284.348969,-71.355713,96.611046,
283.818481,-74.706528,97.268860,
283.132690,-78.745621,97.836182,
282.362122,-83.419533,98.397858,
281.760315,-88.563896,99.040421,
281.431335,-94.347496,99.722084,
281.660156,-101.150017,100.549065,
282.597961,-109.127281,101.543083,
284.057831,-118.260941,102.609016,
285.790710,-128.306015,103.656822,
287.752167,-139.061142,104.732048,
289.856781,-150.694641,105.842232,
292.002289,-163.017761,107.009682,
294.146667,-175.932037,108.252113,
296.276398,-189.445343,109.582268,
298.316101,-203.463486,111.036919,
300.067902,-218.069077,112.685600,
301.489990,-233.038910,114.474159,
302.603790,-248.263046,116.324158,
303.542053,-263.718353,118.139465,
304.436035,-279.425842,120.000687,
305.162933,-295.278320,121.900993,
305.802277,-311.094177,123.828377,
306.319946,-326.877228,125.793846,
306.720337,-342.616394,127.781563,
307.131470,-358.353119,129.670731,
307.487701,-374.019928,131.620529,
307.389191,-389.299103,133.854080,
307.132202,-404.469238,136.159164,
306.853333,-419.535400,138.290070,
306.593628,-434.359222,140.401611,
306.355194,-448.806152,142.593842,
306.145050,-462.986298,144.785263,
305.958984,-476.793304,146.749496,
305.781525,-490.179596,148.598892,
305.643646,-503.285919,150.444870,
305.725403,-516.043640,152.201431,
305.989624,-528.326599,153.663635,
306.260620,-539.977051,154.760925,
306.325226,-551.241089,155.650620,
306.271271,-562.023926,156.232834,
306.037689,-572.177551,156.419464,
305.525116,-581.739502,156.190140,
304.814545,-590.805359,155.575897,
303.819946,-599.465454,154.546143,
302.447815,-607.496216,153.149384,
300.881805,-614.700867,151.330872,
299.700745,-621.134583,149.029297,
299.173615,-626.837341,146.368423,
299.125092,-631.695801,143.560257,
299.651611,-635.982605,140.704697,
300.709595,-639.963684,137.815735,
302.015839,-643.333801,134.768082,
303.463409,-645.875549,131.430573,
305.241058,-647.476624,127.905174,
307.342041,-648.219849,124.483620,
309.523071,-648.110596,121.092537,
311.597717,-647.237915,117.771797,
313.521027,-645.945435,114.667168,
315.365997,-644.552795,111.710945,
316.862854,-643.301392,108.955505,
317.830078,-642.753906,106.736649,
318.289429,-643.187500,105.194664,
318.067841,-644.602478,104.133163,
317.299316,-646.594177,103.457695,
316.400818,-648.603577,102.984421,
315.658325,-650.316895,102.582687,
315.333740,-651.315063,102.112915,
315.433380,-651.704041,101.510269,
315.657959,-651.936829,100.831398,
315.813629,-652.333740,100.202538,
315.906799,-653.005554,99.680946,
315.981018,-653.875000,99.127121,
316.081177,-654.788513,98.483383,
316.264252,-655.586914,97.843559,
316.413086,-656.283936,97.222771,
316.522552,-657.018250,96.657127,
316.631592,-657.803040,96.171204,
316.724701,-658.440979,95.761803,
316.818542,-658.943176,95.387123,
316.928864,-659.432495,95.010658,
317.017914,-659.928223,94.630089,
317.065308,-660.417908,94.307205,
317.087189,-660.913086,94.051888,
317.150543,-661.476929,93.873085,
317.249695,-662.029236,93.738968,
317.321136,-662.493347,93.584579,
317.409637,-662.894043,93.383331,
317.524292,-663.280701,93.172997,
317.580261,-663.640503,92.992783,
317.575897,-663.939270,92.831627,
317.569550,-664.229980,92.696205,
317.522705,-664.449646,92.595650,
317.392059,-664.504883,92.448769,
317.265717,-664.523804,92.261909,
317.154083,-664.547668,92.115166,
317.018860,-664.546387,92.016556,
316.885925,-664.527832,91.918289,
316.768097,-664.535645,91.805916,
316.667725,-664.527161,91.695862,
316.563660,-664.482422,91.604027,
316.438049,-664.443115,91.551186,
316.298279,-664.419861,91.492294,
316.085968,-664.334106,91.402306,
315.865234,-664.205566,91.325340,
315.662994,-664.133179,91.276031,
315.431458,-664.091858,91.210503,
315.152863,-663.992920,91.141388,
314.875183,-663.857666,91.092392,
314.632385,-663.730469,91.038528,
314.433594,-663.599182,90.998337,
314.223236,-663.475708,90.983948,
313.969330,-663.291321,91.022659,
313.688477,-663.077637,91.171379,
313.326508,-662.824463,91.402374,
312.804108,-662.491333,91.649643,
312.198242,-662.017883,91.861855,
311.770966,-661.530762,92.024712,
311.537781,-661.181335,92.124825,
311.318909,-660.932312,92.272919,
310.969818,-660.630859,92.543083,
310.485565,-660.185181,92.994270,
309.849182,-659.586792,93.685600,
309.055573,-658.930481,94.568886,
308.032043,-658.270142,95.492203,
307.050262,-657.356567,96.117371,
306.578430,-656.059265,96.506218,
306.506866,-654.946045,96.815681,
306.407532,-654.284973,97.051552,
306.108459,-653.815552,97.321335,
305.615387,-653.389099,97.912209,
304.917847,-653.045288,99.182198,
303.745605,-652.558777,101.113724,
302.015594,-651.762085,103.479469,
300.182556,-650.741028,105.956535,
298.603729,-649.664429,108.295799,
297.355286,-648.594910,110.314819,
296.340973,-647.568665,111.755341,
295.625488,-646.674194,112.456711,
295.454956,-645.959473,112.659584,
295.632690,-645.277771,112.664032,
295.700226,-644.445435,112.570030,
295.554718,-643.500671,112.561279,
295.307404,-642.477722,112.841263,
294.958710,-641.285645,113.414505,
294.624359,-640.131714,114.191566,
294.308502,-639.066956,115.088837,
293.970062,-637.793640,116.024681,
293.710815,-636.299500,116.747810,
293.769806,-634.549316,117.166054,
294.400330,-632.594666,117.189186,
295.455017,-630.676636,116.766983,
296.406891,-628.985291,116.245987,
297.069489,-627.660095,116.145134,
297.298981,-626.886230,116.809708,
297.100342,-626.417725,118.175095,
296.663330,-625.728638,119.932442,
296.125641,-624.548401,121.997520,
295.612213,-623.142700,124.370026,
294.992676,-621.814331,126.965286,
294.401489,-620.675781,129.710999,
293.815796,-619.651672,132.551575,
293.113007,-618.662170,135.618240,
292.175659,-617.582458,139.064667,
290.873047,-616.267822,143.083405,
289.139557,-614.560486,147.914703,
286.755463,-611.560608,153.419022,
283.716431,-606.394287,159.249435,
280.596680,-598.584778,164.990372,
278.212585,-587.848389,170.207184,
277.331329,-574.184692,174.527084,
278.168945,-558.263672,177.380386,
280.062927,-540.395264,178.285706,
282.651733,-520.426819,177.306458,
285.839722,-498.446442,175.097443,
289.502350,-474.795105,172.041077,
293.248322,-449.476563,168.099258,
296.974976,-423.217194,163.517899,
300.601868,-396.581818,158.633972,
303.758270,-369.521271,153.873032,
306.117371,-342.053406,149.683197,
307.950684,-314.598480,145.940216,
309.446838,-287.110352,142.320160,
310.830353,-259.252441,138.754395,
312.639923,-230.866898,135.412979,
315.099579,-202.106842,132.659576,
317.178009,-173.533600,130.552048,
317.663818,-145.777451,128.864258,
317.008301,-118.797401,127.214622,
316.294952,-92.141418,125.561096,
315.893311,-65.824699,124.018402,
315.449371,-40.362953,122.718925,
314.574280,-16.438721,121.485268,
312.948090,5.673296,120.171432,
310.941284,26.285227,118.652687,
309.146973,45.729130,117.122749,
307.387543,63.806957,115.931374,
305.600647,80.231758,115.006973,
303.688324,95.150993,113.820633,
301.745575,108.720970,112.258446,
299.861115,120.937889,110.623154,
297.778748,131.744705,109.025032,
295.534149,141.243088,107.333565,
293.167847,149.380203,105.847206,
290.641479,156.179779,104.795502,
288.297302,161.985672,103.998535,
286.518280,167.213348,103.367546,
285.048798,171.633621,102.971909,
284.031006,174.944214,102.762787,
283.592224,177.650681,102.523849,
283.450439,179.945480,102.107498,
283.657776,181.689606,101.484787,
284.422516,182.994888,100.771553,
285.532288,183.868088,100.163597,
286.819519,184.308487,99.716217,
288.154510,184.351761,99.325874,
289.225098,183.943329,98.776543,
289.986267,183.123978,97.941864,
290.506622,182.066711,97.222366,
290.968292,180.988892,96.788460,
291.368347,180.142365,96.484116,
291.593750,179.670914,96.244110,
291.648682,179.511154,96.113953,
291.577209,179.571732,96.119331,
291.497345,179.768799,96.198502,
291.485260,180.081985,96.250168,
291.448761,180.422440,96.303200,
291.419495,180.715439,96.339867,
291.502655,180.877426,96.353218,
291.608429,180.854156,96.391418,
291.619904,180.725433,96.457924,
291.623627,180.551056,96.468384,
291.644867,180.320206,96.437050,
291.630432,180.132477,96.407257,
291.620728,180.012131,96.368599,
291.674377,179.945053,96.298576,
291.728973,179.891602,96.214333,
291.718201,179.807907,96.145279,
291.667023,179.754944,96.162292,
291.742004,179.791580,96.148674,
291.743378,179.791565,96.143921,
291.655090,179.722717,96.169113,
291.688965,179.717651,96.155968,
291.725616,179.740234,96.159187,
291.702332,179.741943,96.212624,
291.676147,179.721283,96.216301,
291.639618,179.707321,96.208954,
291.599945,179.681824,96.225487,
291.576447,179.618469,96.167747,
291.553406,179.567978,96.043304,
291.539490,179.530319,95.933708,
291.547028,179.473175,95.882790,
291.590057,179.384369,95.818031,
291.653229,179.293594,95.726891,
291.689026,179.178055,95.647011,
291.716125,179.050674,95.553665,
291.751434,178.915665,95.471443,
291.840332,178.811401,95.375381,
291.965820,178.714798,95.291039,
292.093628,178.585129,95.221306,
292.246185,178.458160,95.117004,
292.351379,178.372879,95.054749,
292.375305,178.319550,95.052132,
292.386993,178.254715,95.058754,
292.410522,178.187408,95.051941,
292.426239,178.172394,95.066208,
292.417267,178.203888,95.129234,
292.407349,178.205002,95.209602,
292.395172,178.185242,95.286819,
292.378265,178.186310,95.362839,
292.457825,178.234802,95.411674,
292.553131,178.257065,95.469948,
292.635040,178.264633,95.515648,
292.708771,178.303101,95.572334,
292.726257,178.301025,95.667259,
292.748230,178.290329,95.772896,
292.828613,178.312347,95.857834,
292.878021,178.364380,95.950912,
292.904358,178.429016,96.047897,
292.977539,178.473083,96.153229,
293.091705,178.491531,96.221107,
293.216095,178.524704,96.285225,
293.307709,178.547668,96.384491,
293.410095,178.558487,96.492073,
293.534485,178.603622,96.608307,
293.718201,178.699860,96.721031,
293.895020,178.772308,96.812355,
294.007690,178.784866,96.916794,
294.092102,178.847809,97.022141,
294.221893,178.917831,97.135803,
294.343903,178.944244,97.280029,
294.404541,178.996475,97.471069,
294.426239,179.082596,97.650238,
294.465607,179.148941,97.849144,
294.457611,179.230728,98.109215,
294.404297,179.321716,98.380653,
294.338898,179.417175,98.643921,
294.217133,179.467331,98.922783,
294.045837,179.402435,99.239006,
293.878448,179.267136,99.619049,
293.647125,179.023468,100.123734,
293.293335,178.655228,100.774994,
292.874908,178.194366,101.517273,
292.557129,177.612488,102.193451,
292.172150,176.836639,102.859123,
291.620239,175.859238,103.650848,
291.116394,174.777847,104.556824,
290.598969,173.524475,105.572838,
289.933075,171.973221,106.697334,
289.306366,170.100601,107.825470,
288.784943,167.860565,108.887314,
288.123535,165.274826,110.012962,
287.255768,162.317093,111.219521,
286.510651,159.020126,112.536278,
286.272369,155.241531,114.068962,
286.338104,150.772476,115.869942,
286.187317,145.650711,117.853233,
285.861359,139.816467,119.816971,
285.412201,133.312973,121.712059,
284.531555,126.202347,123.698189,
283.187744,118.375069,125.749596,
281.618042,109.951752,127.752251,
279.793091,101.025650,129.663483,
277.631714,91.649002,131.492386,
275.120605,81.828918,133.476135,
272.449554,71.649055,135.593765,
269.771698,61.182083,137.683456,
266.984528,50.554134,139.822052,
264.156799,39.750019,142.013779,
261.383881,28.899965,144.116089,
258.563263,18.158594,146.243286,
255.809402,7.520349,148.360199,
253.319305,-3.016016,150.122742,
250.898758,-13.329422,151.682861,
248.477753,-23.295397,153.116074,
246.199936,-32.937183,154.231171,
244.072861,-42.339813,155.002243,
242.043533,-51.314011,155.378448,
240.059418,-59.918816,155.319275,
238.008987,-68.112869,154.765518,
235.772095,-75.772789,153.569672,
233.460632,-82.974312,151.818634,
231.486984,-89.668579,149.691727,
230.350327,-95.888893,147.216385,
229.752930,-101.593155,144.553070,
229.426987,-106.726334,141.645981,
229.478378,-111.343475,138.496277,
229.856003,-115.397125,135.263962,
230.419098,-118.781403,132.058990,
231.189468,-121.485596,128.833786,
232.224014,-123.516006,125.662376,
233.344467,-124.989807,122.737152,
234.449127,-125.918274,120.005440,
235.578735,-126.311707,117.479622,
236.723480,-126.381485,115.207680,
237.679230,-126.413658,113.257988,
238.211594,-126.609444,111.704849,
238.286041,-127.049118,110.582062,
238.047424,-127.703384,109.788406,
237.586212,-128.634659,109.114838,
237.002502,-129.809692,108.583191,
236.379959,-130.977295,108.282272,
235.841125,-131.892212,108.112144,
235.480194,-132.501648,107.894089,
235.358002,-132.924377,107.550819,
235.415634,-133.241989,107.168488,
235.548920,-133.501495,106.816338,
235.659180,-133.803146,106.511108,
235.774078,-134.236359,106.259476,
235.874802,-134.745392,106.024559,
235.979538,-135.262848,105.777512,
236.123337,-135.715332,105.491882,
236.229172,-136.071075,105.154755,
236.299713,-136.481171,104.777115,
236.419144,-137.044037,104.419418,
236.607346,-137.658371,104.114075,
236.888153,-138.229187,103.799545,
237.212448,-138.758911,103.403122,
237.473206,-139.250259,102.940575,
237.702881,-139.682220,102.401054,
238.017822,-140.089127,101.794632,
238.399338,-140.539825,101.210747,
238.820206,-141.011002,100.651649,
239.234650,-141.544128,100.007568,
239.609344,-142.237091,99.336334,
239.943130,-142.847839,98.733826,
240.256668,-143.307159,98.226585,
240.623169,-143.764069,97.786377,
241.060074,-144.281708,97.333344,
241.480530,-144.885925,96.881241,
241.793365,-145.500565,96.429672,
241.971573,-146.048157,95.990974,
242.171890,-146.553009,95.605568,
242.523529,-147.019196,95.252487,
242.944351,-147.346680,94.911110,
243.329102,-147.639984,94.667854,
243.614944,-147.954666,94.477982,
243.846558,-148.303833,94.168594,
244.043274,-148.750793,93.894272,
244.116135,-149.142456,93.842110,
244.280014,-149.281525,93.613007,
244.456604,-149.344696,93.335732,
244.552887,-149.418320,93.209648,
244.615601,-149.505920,93.147530,
244.685501,-149.610580,93.053596,
244.705078,-149.729294,92.976234,
244.755707,-149.810059,92.875389,
244.850174,-149.908173,92.749329,
244.893387,-150.033829,92.602554,
244.957581,-150.136292,92.426170,
245.064804,-150.255737,92.246117,
245.138809,-150.381012,92.058815,
245.214737,-150.501801,91.871407,
245.289322,-150.626114,91.735168,
245.300110,-150.747177,91.628220,
245.267929,-150.838547,91.551491,
245.225540,-150.947815,91.502396,
245.216492,-151.086716,91.478195,
245.200546,-151.206421,91.480568,
245.174316,-151.375061,91.512138,
245.141937,-151.649750,91.645699,
245.083069,-151.962692,91.828575,
244.920746,-152.288193,92.003944,
244.654205,-152.597992,92.262489,
244.416245,-152.878281,92.575546,
244.248642,-153.222519,92.883041,
244.082474,-153.791061,93.215103,
243.947266,-154.664505,93.602562,
243.841034,-155.779892,93.971634,
243.704239,-157.081009,94.312492,
243.546204,-158.646194,94.640717,
243.163147,-160.526413,94.936768,
242.495239,-162.775116,95.263992,
241.798676,-165.390884,95.668533,
241.372665,-168.366425,96.207062,
241.228531,-171.923599,96.847137,
241.305466,-176.141678,97.517227,
242.013519,-181.124268,98.260162,
243.686417,-187.312378,99.239288,
245.984406,-194.651520,100.300804,
248.630203,-202.764099,101.339111,
251.482132,-211.745041,102.591393,
254.424377,-221.620850,104.023796,
257.434143,-232.120361,105.622292,
260.436951,-243.184128,107.408211,
263.373352,-254.899078,109.293037,
266.180603,-267.217590,111.241745,
268.747131,-279.993896,113.394539,
271.163086,-292.981537,115.581429,
273.395752,-306.262939,117.788086,
275.461304,-319.898987,120.156563,
277.243988,-333.783112,122.806908,
278.651093,-347.655670,125.593643,
280.054535,-361.231323,127.933174,
281.673431,-375.016388,130.467331,
283.001617,-388.895874,133.368195,
284.022736,-402.359070,136.097763,
284.952423,-415.431305,138.624115,
285.910065,-428.229706,141.106949,
286.828400,-440.855469,143.511597,
287.608856,-453.106812,145.768524,
288.329376,-464.817902,147.757828,
288.943146,-476.107574,149.299988,
289.457550,-486.978546,150.461792,
289.800018,-497.298187,151.220322,
289.936188,-507.046478,151.566910,
289.969086,-516.246643,151.536667,
289.968323,-524.734985,151.054855,
289.768402,-532.665649,150.191574,
289.161316,-539.950745,148.919113,
288.151245,-546.568970,147.151138,
286.942017,-552.722595,145.027008,
286.160248,-558.398621,142.737000,
286.055878,-563.246948,140.190811,
286.261963,-567.063354,137.432465,
286.848206,-570.312195,134.671219,
287.958679,-573.311157,131.945313,
289.386963,-575.751221,129.177551,
290.943054,-577.536926,126.405693,
292.501404,-578.716064,123.634995,
294.073639,-579.384460,120.942596,
295.648163,-579.597473,118.445435,
297.098114,-579.439697,116.137764,
298.479431,-578.999939,113.927422,
299.746490,-578.461975,111.899109,
300.888733,-578.083252,110.035568,
301.913666,-577.961121,108.262062,
302.617676,-578.188110,106.673828,
302.975555,-578.721741,105.144417,
303.115967,-579.614563,103.835304,
303.078278,-580.776794,102.822014,
302.975952,-581.838501,102.002777,
302.858521,-582.637207,101.293427,
302.750183,-583.365173,100.764275,
302.648468,-584.024048,100.463402,
302.528412,-584.479004,100.285263,
302.429077,-584.803406,100.117653,
302.311432,-585.160156,99.876465,
302.154083,-585.529846,99.593155,
302.076538,-585.986877,99.284706,
302.107635,-586.427063,99.039459,
302.046661,-586.618530,98.866920,
302.083221,-586.794189,98.616951,
302.292694,-587.069763,98.298706,
302.497284,-587.361206,98.009758,
302.707367,-587.627747,97.663475,
302.997925,-587.931030,97.163574,
303.313080,-588.326660,96.639969,
303.591461,-588.778809,96.202881,
303.900330,-589.182434,95.819595,
304.186218,-589.552490,95.468437,
304.433685,-589.949219,95.124329,
304.727509,-590.363281,94.828018,
305.038025,-590.743896,94.590927,
305.307800,-591.061707,94.353111,
305.527313,-591.298645,94.104500,
305.728027,-591.528137,93.873314,
305.992157,-591.810974,93.680672,
306.266998,-592.088806,93.506737,
306.520996,-592.260315,93.321426,
306.778259,-592.319397,93.142601,
307.048523,-592.378662,93.022469,
307.304596,-592.481018,92.929474,
307.513641,-592.579590,92.819717,
307.678497,-592.670593,92.719772,
307.835968,-592.748230,92.683533,
307.974792,-592.774963,92.707275,
308.121002,-592.722839,92.722885,
308.249847,-592.612122,92.777092,
308.329285,-592.520508,92.852615,
308.403381,-592.448059,92.908592,
308.483429,-592.335449,92.922432,
308.525269,-592.238708,92.929749,
308.518616,-592.167114,92.976685,
308.506104,-592.085999,93.064102,
308.547394,-592.010986,93.135597,
308.569061,-591.939697,93.190147,
308.570465,-591.886108,93.291687,
308.604553,-591.829712,93.430031,
308.652527,-591.758972,93.540245,
308.686615,-591.688965,93.616440,
308.718414,-591.600342,93.742035,
308.776367,-591.503845,93.901703,
308.829865,-591.396118,94.055817,
308.848633,-591.255615,94.201668,
308.866943,-591.096558,94.354652,
308.913269,-590.900635,94.521950,
308.946655,-590.631042,94.669571,
308.897156,-590.312927,94.833275,
308.814911,-590.008423,95.064064,
308.775391,-589.676453,95.355431,
308.725372,-589.313843,95.706741,
308.565247,-588.944397,96.149193,
308.383881,-588.590942,96.601952,
308.257782,-588.245911,97.061302,
308.160034,-587.911743,97.635391,
308.040527,-587.540649,98.333008,
307.849976,-587.064392,98.998451,
307.610779,-586.466309,99.569603,
307.323181,-585.736084,100.230881,
307.036530,-584.976196,101.031891,
306.730713,-584.204224,101.967644,
306.402924,-583.449402,103.152580,
306.028534,-582.684021,104.505264,
305.516815,-581.801819,105.923203,
304.959442,-580.763855,107.437111,
304.334991,-579.716736,109.159645,
303.629791,-578.692078,111.154137,
302.801941,-577.607361,113.398247,
301.795105,-576.173157,115.726067,
300.634155,-574.444031,118.160652,
299.408691,-572.605408,120.792000,
298.115295,-570.659790,123.628883,
296.585052,-568.475952,126.676605,
294.809845,-565.910767,129.967575,
292.830597,-563.048462,133.450821,
290.564514,-560.020996,137.139938,
287.985077,-556.634521,140.848206,
285.251221,-552.650818,144.491394,
282.477753,-548.208313,148.161041,
279.777588,-543.392212,151.856705,
277.116058,-538.044189,155.497208,
274.596008,-532.239075,159.099411,
272.404663,-526.387146,162.727371,
270.350830,-520.449585,166.126953,
267.679047,-514.090454,169.073288,
264.098297,-507.349243,171.422302,
260.125854,-500.368835,173.240891,
255.996429,-493.258209,174.634766,
251.588669,-485.730011,175.407288,
246.907333,-477.821747,175.632584,
242.186584,-469.665161,175.285767,
237.487930,-461.285583,174.298904,
232.639511,-452.615082,172.832489,
227.588867,-443.603119,170.835449,
222.527527,-434.288818,168.176712,
217.301575,-424.917297,165.111984,
211.819611,-415.296265,161.718872,
206.106934,-405.336548,157.835602,
200.121185,-395.253601,153.646271,
193.853088,-384.777466,149.259186,
187.457214,-373.841614,144.638199,
180.906464,-362.804871,139.997345,
174.303192,-351.736664,135.529358,
167.714478,-340.631836,131.173599,
161.003098,-329.562531,127.074928,
154.283173,-318.668030,123.224541,
147.874466,-308.109711,119.733017,
141.664963,-298.077545,116.887314,
135.502350,-288.644501,114.640221,
129.568069,-279.768036,112.873444,
124.131882,-271.545746,111.465881,
119.288551,-264.044220,110.430809,
115.114838,-257.233612,109.678917,
111.790138,-251.352875,108.955688,
109.236626,-246.470505,108.135178,
107.252724,-242.362473,107.251091,
105.812210,-238.884293,106.273407,
104.954376,-236.281219,105.226921,
104.552628,-234.336716,104.025818,
104.620537,-232.800781,102.551262,
105.297623,-232.152832,100.964424,
106.448921,-232.749084,99.454498,
107.732224,-233.925674,97.880836,
108.966248,-235.114151,96.319077,
109.792114,-236.244003,94.868904,
110.104797,-237.277206,93.750298,
109.977135,-237.814224,93.077477,
109.692917,-237.677017,92.750282,
109.410042,-237.322083,92.691353,
109.088974,-237.228668,92.767464,
108.679184,-237.376328,92.764694,
108.256805,-237.551773,92.624252,
107.891541,-237.676559,92.478279,
107.593613,-237.766479,92.354134,
107.372299,-237.818420,92.211227,
107.238594,-237.876434,92.069817,
107.124390,-237.954605,91.944969,
106.954437,-237.977615,91.844055,
106.752525,-237.915756,91.723633,
106.552307,-237.849426,91.572662,
106.372696,-237.806549,91.440269,
106.218948,-237.759781,91.319687,
106.081734,-237.693558,91.206985,
105.943993,-237.652130,91.102921,
105.790863,-237.601685,91.006401,
105.684303,-237.540619,90.905724,
105.591927,-237.585526,90.855125,
105.531273,-237.651627,90.813354,
105.497849,-237.694443,90.758850,
105.492523,-237.721176,90.716797,
105.443665,-237.730743,90.652809,
105.385269,-237.765640,90.602402,
105.340179,-237.823120,90.614586,
105.302124,-237.866089,90.575233,
105.275932,-237.902039,90.513573,
105.244255,-237.958954,90.481010,
105.228615,-238.054138,90.435028,
105.217484,-238.119720,90.427658,
105.218956,-238.113403,90.436653,
105.205910,-238.124573,90.446800,
105.196144,-238.187759,90.471771,
105.204506,-238.285858,90.489059,
105.223412,-238.352097,90.497116,
105.266914,-238.400696,90.527153,
105.318336,-238.496307,90.551407,
105.359734,-238.616837,90.562462,
105.394783,-238.694366,90.591667,
105.405617,-238.731155,90.666145,
105.457146,-238.815445,90.823357,
105.553856,-238.895691,90.997284,
105.728325,-238.960342,91.143135,
105.981583,-239.107483,91.297684,
106.249336,-239.260956,91.387367,
106.499741,-239.321915,91.415947,
106.719452,-239.379318,91.529755,
106.913002,-239.371338,91.630913,
107.126877,-239.313568,91.752983,
107.390915,-239.291397,91.943466,
107.656670,-239.221390,92.065636,
107.898643,-239.132797,92.125488,
108.093407,-239.069763,92.182167,
108.266205,-239.004196,92.231743,
108.432014,-238.946838,92.269646,
108.594589,-238.916000,92.328705,
108.764343,-238.842575,92.385727,
108.887436,-238.794510,92.421066,
108.969238,-238.794403,92.476295,
109.045609,-238.820541,92.580231,
109.104927,-238.872055,92.655167,
109.178421,-238.893845,92.656563,
109.222374,-238.908890,92.653641,
109.249329,-238.979874,92.713921,
109.295341,-239.081345,92.739082,
109.360603,-239.178833,92.703827,
109.446770,-239.251419,92.692619,
109.554741,-239.324631,92.723335,
109.640297,-239.442688,92.770218,
109.720512,-239.555969,92.817162,
109.807625,-239.645187,92.834122,
109.865562,-239.689102,92.814255,
109.925247,-239.733490,92.803093,
109.990715,-239.787552,92.824661,
110.012123,-239.810577,92.831535,
110.001450,-239.820938,92.851189,
109.998711,-239.813736,92.862755,
110.028778,-239.763947,92.864754,
110.083527,-239.666733,92.891953,
110.130112,-239.604492,92.939598,
110.202606,-239.557526,93.006386,
110.276810,-239.471771,93.086441,
110.333641,-239.387634,93.140137,
110.389168,-239.323715,93.200188,
110.454430,-239.281860,93.261719,
110.551819,-239.216110,93.305969,
110.653366,-239.167267,93.356377,
110.746765,-239.148071,93.407784,
110.835892,-239.105530,93.438782,
110.947166,-239.075790,93.473358,
111.060982,-239.084351,93.524109,
111.101456,-239.078415,93.545853,
111.124435,-239.051071,93.554329,
111.191803,-239.061310,93.564133,
111.208580,-239.094482,93.558853,
111.164207,-239.163040,93.567055,
111.120621,-239.232300,93.583138,
111.110062,-239.262894,93.564980,
111.113914,-239.253357,93.519592,
111.097343,-239.297195,93.493263,
111.071159,-239.401062,93.500107,
111.046974,-239.455093,93.506477,
111.033836,-239.459549,93.487885,
111.028938,-239.466278,93.476997,
111.023651,-239.468552,93.470886,
111.022194,-239.464554,93.464859,
111.034019,-239.478226,93.481339,
111.038635,-239.505096,93.486816,
111.038597,-239.521011,93.470909,
111.033974,-239.513229,93.453476,
111.032516,-239.504730,93.416878,
111.036949,-239.498520,93.398972,
111.015297,-239.467392,93.391388,
110.974144,-239.427673,93.399918,
110.976288,-239.409119,93.391747,
110.988708,-239.393280,93.367104,
110.953079,-239.357819,93.383659,
110.962944,-239.280426,93.409729,
111.013283,-239.215317,93.419449,
111.047157,-239.187912,93.440414,
111.058517,-239.156799,93.457146,
111.057007,-239.111023,93.457054,
111.064697,-239.104706,93.483101,
111.114769,-239.084488,93.513329,
111.146210,-239.024246,93.528290,
111.157188,-238.980713,93.547112,
111.156960,-238.967789,93.612404,
111.172348,-238.909058,93.655609,
111.188103,-238.809799,93.623047,
111.208466,-238.762238,93.582306,
111.253716,-238.738739,93.606575,
