426.252472,-218.005783,88.003983,
426.247040,-218.001251,88.035370,
426.232086,-218.002106,87.986565,
426.231567,-218.010071,87.957321,
426.271667,-218.010254,87.957069,
426.291565,-217.981232,87.940842,
426.243439,-217.957184,87.940063,
426.226135,-217.953232,87.934692,
426.250885,-217.974960,87.919106,
426.260040,-218.011169,87.934189,
426.250824,-217.995987,87.950089,
426.233704,-217.980301,87.974510,
426.223114,-218.002701,87.998558,
426.236145,-218.003799,88.001755,
426.237030,-218.007675,88.012169,
426.212128,-218.032959,88.032883,
426.214172,-217.993866,87.988464,
426.243347,-217.973633,87.947090,
426.252075,-217.995956,87.925285,
426.233215,-218.001083,87.902519,
426.206879,-218.005875,87.919487,
426.185272,-218.038239,87.945107,
426.198853,-218.013443,87.930557,
426.233948,-217.949310,87.928070,
426.229187,-217.981079,87.956276,
426.172607,-218.061081,87.980423,
426.135132,-218.077667,88.006615,
426.154694,-218.051285,88.029091,
426.161621,-218.041794,88.011749,
426.174133,-218.026123,88.004845,
426.203217,-218.013748,87.986603,
426.195709,-217.973999,87.971237,
426.215485,-217.946198,87.965096,
426.203857,-217.951126,87.937950,
426.149170,-217.990082,87.938301,
426.128662,-218.003937,87.958893,
426.133301,-218.004013,87.957153,
426.138184,-218.005234,88.009773,
426.155548,-218.003159,88.042458,
426.157043,-217.991745,88.031166,
426.144806,-217.989731,88.041084,
426.130524,-218.029297,88.083748,
426.127228,-218.066772,88.082695,
426.138855,-218.028976,88.051102,
426.161041,-217.964066,88.004692,
426.167755,-217.976456,87.974899,
426.156189,-217.991379,87.968124,
426.148102,-217.978760,87.989937,
426.149658,-217.962677,88.018394,
426.154297,-217.961853,88.013222,
426.158752,-217.966705,88.017952,
426.172455,-217.992569,88.022148,
426.198639,-218.007065,88.009804,
426.190491,-217.982254,88.015144,
426.173920,-217.963226,88.056885,
426.190857,-217.961563,88.059494,
426.226807,-217.972214,88.046295,
426.229065,-217.965302,87.977737,
426.217407,-217.908539,87.923485,
426.219177,-217.913116,87.945541,
426.226013,-217.944016,87.959602,
426.270081,-217.972031,87.939201,
426.288147,-218.013565,87.921425,
426.285400,-217.977783,87.905869,
426.277496,-217.953217,87.929733,
426.252380,-217.984161,87.943993,
426.257294,-218.000641,87.943237,
426.297302,-217.978699,87.944885,
426.342255,-217.971008,87.965698,
426.352692,-217.987991,87.953697,
426.384369,-217.964539,87.917480,
426.457245,-217.917740,87.891891,
426.479187,-217.909485,87.887115,
426.463776,-217.923889,87.855263,
426.451996,-217.890869,87.830940,
426.514130,-217.879959,87.838608,
426.566956,-217.896820,87.814995,
426.569946,-217.883789,87.816368,
426.544861,-217.895676,87.865822,
426.547546,-217.877960,87.888290,
426.627960,-217.842819,87.888855,
426.712402,-217.861069,87.890480,
426.686035,-217.893539,87.895874,
426.684387,-217.900375,87.904106,
426.736328,-217.865967,87.907417,
426.730988,-217.813461,87.912277,
426.711548,-217.751297,87.896973,
426.740509,-217.697083,87.889740,
426.800415,-217.702362,87.934059,
426.848572,-217.718399,87.978096,
426.824799,-217.655609,87.935440,
426.791290,-217.638779,87.925789,
426.761841,-217.652878,87.958679,
426.786743,-217.663498,87.977806,
426.823730,-217.614975,87.981316,
426.809967,-217.552261,87.983620,
426.806915,-217.566269,87.999443,
426.834778,-217.596771,88.037941,
426.856323,-217.551682,88.055153,
426.848755,-217.437897,88.008415,
426.834198,-217.405457,87.966148,
426.857727,-217.404297,87.955566,
426.875854,-217.349258,87.943153,
426.848999,-217.345276,87.954712,
426.862549,-217.359909,87.974869,
426.894043,-217.300598,87.988182,
426.895752,-217.260971,87.982681,
426.913849,-217.288788,88.022766,
426.947174,-217.284424,88.044472,
426.975403,-217.293640,87.989319,
427.004242,-217.300537,87.947296,
427.067230,-217.324707,87.905678,
427.154694,-217.316116,87.845779,
427.207947,-217.278183,87.816345,
427.222595,-217.267532,87.822212,
427.299255,-217.258972,87.776573,
427.386292,-217.206970,87.727631,
427.453857,-217.250549,87.690285,
427.512604,-217.317490,87.664856,
427.573181,-217.342361,87.652725,
427.628845,-217.358322,87.629471,
427.752716,-217.402771,87.613480,
427.865936,-217.442261,87.589676,
427.914886,-217.466797,87.553558,
428.006836,-217.477020,87.477135,
428.137756,-217.479599,87.420441,
428.244141,-217.483292,87.418388,
428.342377,-217.505539,87.292053,
428.442139,-217.517181,87.171898,
428.510712,-217.582458,87.130974,
428.578857,-217.630524,87.081200,
428.683838,-217.614273,86.994797,
428.780823,-217.601669,86.925522,
428.842102,-217.622772,86.876694,
428.889343,-217.597855,86.825180,
428.920898,-217.585266,86.795341,
428.974365,-217.611984,86.750984,
429.054749,-217.589783,86.682961,
429.127441,-217.537231,86.623741,
429.164215,-217.554001,86.552551,
429.210144,-217.578491,86.475609,
429.241486,-217.531982,86.423103,
429.284485,-217.541336,86.334435,
429.313232,-217.559616,86.209358,
429.313690,-217.525787,86.131752,
429.351929,-217.518021,86.062004,
429.439331,-217.551300,85.988258,
429.519012,-217.595947,85.989594,
429.567413,-217.632965,85.946457,
429.619476,-217.652695,85.833443,
429.668427,-217.678680,85.703506,
429.723450,-217.754654,85.588158,
429.804657,-217.833939,85.495033,
429.924194,-217.930450,85.451759,
430.036102,-218.014450,85.381638,
430.178619,-218.082321,85.269447,
430.354095,-218.149536,85.209816,
430.506409,-218.182922,85.141296,
430.597137,-218.216827,85.050858,
430.700439,-218.369919,84.958878,
430.829559,-218.594986,84.862625,
430.933441,-218.718750,84.812744,
431.036560,-218.802277,84.798561,
431.134064,-218.873642,84.817055,
431.257751,-218.924927,84.888580,
431.398743,-218.984680,84.940590,
431.490479,-219.016373,84.925232,
431.565247,-219.020905,84.895134,
431.575623,-219.060165,84.858879,
431.615631,-219.073135,84.832802,
431.729553,-219.091446,84.794579,
431.843414,-219.151337,84.760193,
431.920563,-219.168716,84.727371,
432.009277,-219.186447,84.722374,
432.162170,-219.229630,84.699760,
432.307861,-219.254272,84.689018,
432.422974,-219.242645,84.674706,
432.562531,-219.239212,84.625832,
432.719635,-219.255112,84.632332,
432.845093,-219.200333,84.665894,
432.942810,-219.102936,84.653870,
433.018188,-218.986313,84.649590,
433.014496,-218.876587,84.632820,
433.011780,-218.702393,84.588989,
433.017975,-218.523788,84.538223,
433.005615,-218.376099,84.480125,
432.937836,-218.181427,84.444710,
432.893921,-217.963989,84.434792,
432.874847,-217.793854,84.399796,
432.783203,-217.633957,84.394302,
432.659149,-217.462418,84.408844,
432.618103,-217.307480,84.395462,
432.529785,-217.041718,84.404030,
432.312653,-216.627670,84.351120,
432.143036,-216.322647,84.269676,
432.114594,-216.149246,84.281937,
432.122650,-216.016846,84.321922,
432.062592,-215.859695,84.333206,
431.986725,-215.696091,84.327858,
431.964630,-215.532532,84.329788,
431.964935,-215.398636,84.395668,
431.910126,-215.263504,84.485329,
431.828094,-215.081100,84.541321,
431.759216,-214.909729,84.584679,
431.669037,-214.730118,84.606422,
431.673737,-214.702072,84.661888,
431.844696,-214.912506,84.730080,
431.855896,-214.936172,84.753777,
431.751282,-214.764969,84.772491,
431.648315,-214.569809,84.833870,
431.506958,-214.456543,84.899757,
431.285889,-214.254944,84.907715,
431.022827,-213.994598,84.930344,
430.839752,-213.831909,85.020233,
430.666687,-213.637741,85.065559,
430.451813,-213.383057,85.130470,
430.380432,-213.354538,85.210373,
430.395416,-213.499878,85.277763,
430.275024,-213.504852,85.375252,
430.098602,-213.406860,85.466835,
430.044495,-213.415146,85.547127,
429.955505,-213.396942,85.579582,
429.794312,-213.365768,85.589989,
429.641418,-213.357880,85.636147,
429.559875,-213.386597,85.664024,
429.475861,-213.414780,85.733070,
429.319092,-213.482407,85.807648,
429.169067,-213.578217,85.895630,
429.030701,-213.719696,85.941978,
428.846375,-213.818710,85.996468,
428.658478,-213.843735,86.090332,
428.519836,-213.893051,86.152847,
428.396057,-214.065674,86.235291,
428.289490,-214.299866,86.417061,
428.187500,-214.485458,86.559517,
428.050690,-214.669327,86.676430,
427.916260,-214.833374,86.791855,
427.835846,-214.943619,86.845543,
427.715546,-215.083908,86.925987,
427.537720,-215.254333,87.044548,
427.373108,-215.436768,87.177467,
427.247772,-215.731216,87.319298,
427.154572,-216.097153,87.448082,
427.035156,-216.384460,87.553383,
426.882813,-216.718597,87.667938,
426.762939,-217.126526,87.761238,
426.671356,-217.540054,87.920906,
426.541168,-218.003098,88.180420,
426.409729,-218.367401,88.415260,
426.240875,-218.589447,88.631523,
426.128021,-218.973160,88.886971,
426.099457,-219.527725,89.046745,
426.045685,-219.965057,89.152870,
425.930023,-220.312119,89.283585,
425.757385,-220.787369,89.399101,
425.597961,-221.300674,89.479561,
425.560486,-221.717697,89.495354,
425.597992,-222.073792,89.519897,
425.637970,-222.444901,89.562523,
425.715881,-222.777252,89.568283,
425.862610,-223.019196,89.568954,
426.063110,-223.190002,89.542168,
426.216675,-223.378494,89.518990,
426.378479,-223.480240,89.443489,
426.614105,-223.516998,89.323608,
426.873962,-223.526886,89.148186,
427.115295,-223.615723,89.073578,
427.354523,-223.787903,89.056618,
427.631531,-224.020355,89.031944,
427.895264,-224.334732,88.998039,
428.127045,-224.665298,88.978882,
428.386597,-224.969589,88.958900,
428.674408,-225.211716,88.944511,
429.049438,-225.439911,88.947433,
429.491364,-225.666382,88.940941,
429.959625,-225.875153,88.981674,
430.400726,-226.071228,89.119286,
430.847107,-226.263489,89.250145,
431.322418,-226.442810,89.352852,
431.832520,-226.604477,89.457626,
432.325836,-226.782196,89.580032,
432.736389,-226.863068,89.692154,
433.041840,-226.866821,89.792130,
433.221497,-226.897980,89.867592,
433.291870,-226.948929,89.900047,
433.267975,-227.020706,89.879822,
433.170837,-227.077606,89.822800,
433.116272,-227.077194,89.817650,
433.132935,-227.003860,89.840416,
433.089966,-226.867783,89.829216,
432.896271,-226.729630,89.826538,
432.648560,-226.618713,89.851074,
432.471313,-226.490143,89.921211,
432.371552,-226.408691,90.027519,
432.242462,-226.363571,90.065407,
432.109863,-226.263458,90.092926,
432.077850,-226.180374,90.170837,
432.093018,-226.016190,90.280739,
432.074036,-225.671722,90.347099,
432.032593,-225.366089,90.375732,
431.924286,-225.182251,90.385239,
431.729126,-224.939102,90.363289,
431.496277,-224.425430,90.369934,
431.252747,-223.743958,90.369560,
430.949463,-223.199966,90.285057,
430.589111,-222.984253,90.192856,
430.258362,-222.780518,90.148834,
430.005890,-222.530121,90.135208,
429.754120,-222.398529,90.135597,
429.462799,-222.377823,90.191437,
429.169647,-222.414429,90.315125,
428.906342,-222.494492,90.393585,
428.684326,-222.573212,90.448486,
428.493011,-222.719986,90.477066,
428.314240,-222.995773,90.514328,
428.146698,-223.344391,90.633598,
428.032013,-223.731033,90.787491,
427.895355,-224.223618,90.959679,
427.715668,-224.765976,91.128090,
427.540497,-225.271667,91.347656,
427.351410,-225.710144,91.606956,
427.183929,-226.107330,91.850639,
427.017517,-226.484055,92.075394,
426.847748,-226.907822,92.322487,
426.711304,-227.411713,92.554359,
426.522064,-227.877182,92.723328,
426.259033,-228.278442,92.876465,
426.014679,-228.675186,93.021118,
425.847015,-228.975601,93.125679,
425.716919,-229.101120,93.266968,
425.581268,-229.063950,93.344147,
425.442596,-228.972565,93.364883,
425.332184,-228.798477,93.359993,
425.204865,-228.495773,93.315331,
425.036774,-228.093994,93.288773,
424.876373,-227.686798,93.264923,
424.819061,-227.248215,93.188225,
424.864502,-226.694733,93.045105,
424.991333,-226.040039,92.851395,
425.036102,-225.332642,92.633141,
424.978302,-224.484024,92.399719,
424.979889,-223.562866,92.119225,
425.064514,-222.554642,91.773178,
425.069061,-221.381882,91.410164,
424.932709,-220.251083,91.015312,
424.709808,-219.286194,90.724655,
424.314209,-218.316986,90.539810,
423.855469,-217.441132,90.332275,
423.372162,-216.743912,90.130943,
422.794464,-216.188858,90.037521,
422.259003,-215.762589,90.061462,
421.875366,-215.579041,90.198471,
421.668915,-215.598419,90.358765,
421.479126,-215.683472,90.461327,
421.258911,-215.724945,90.592941,
421.103973,-215.760864,90.716316,
420.996643,-215.866333,90.797379,
420.927704,-216.029984,90.881836,
420.840820,-216.197647,90.964043,
420.737488,-216.327026,91.040092,
420.721954,-216.409180,91.154190,
420.689148,-216.368286,91.245651,
420.567810,-216.333176,91.320282,
420.390930,-216.307709,91.382523,
420.168793,-216.245712,91.459885,
419.881195,-216.224731,91.556519,
419.533447,-216.202530,91.666161,
419.153442,-216.090836,91.792908,
418.711121,-215.991989,91.887688,
418.295929,-215.935043,92.001907,
418.011200,-215.824722,92.186348,
417.832703,-215.655716,92.438309,
417.698059,-215.535507,92.733871,
417.587799,-215.463928,93.056313,
417.495819,-215.381073,93.383270,
417.390564,-215.266144,93.727928,
417.255157,-215.105331,94.059631,
417.108704,-214.928802,94.344673,
416.945038,-214.740341,94.614578,
416.845581,-214.547440,94.907066,
416.865814,-214.384781,95.274612,
416.955536,-214.186325,95.708260,
417.024872,-213.998291,96.091812,
417.067413,-213.828201,96.456963,
417.086609,-213.681107,96.872971,
416.996948,-213.481476,97.235947,
416.790924,-213.122025,97.637947,
416.445953,-212.720947,98.220955,
416.091705,-212.321930,98.668381,
415.767883,-211.921173,98.911919,
415.464050,-211.546158,99.144341,
415.293365,-211.164413,99.388908,
415.243225,-210.671310,99.609398,
415.338959,-210.072632,99.857018,
415.559113,-209.420334,100.172287,
415.828094,-208.527710,100.558556,
416.380981,-207.378662,100.839767,
417.081848,-206.426834,100.825783,
417.989563,-205.284210,101.173073,
419.795563,-202.823517,102.564522,
421.224121,-200.864258,103.432709,
422.125854,-199.610092,103.544106,
423.378662,-197.855286,103.467499,
425.273773,-195.580338,103.544044,
427.779053,-192.941040,103.727287,
430.635345,-189.692612,104.111000,
433.375580,-185.317581,104.623550,
435.797333,-179.780762,105.046005,
438.037720,-173.409943,105.512741,
439.930206,-166.145126,106.197632,
441.338928,-157.512543,107.022217,
442.608643,-147.216492,107.809441,
443.647339,-135.089264,108.672226,
444.393341,-121.122437,109.538414,
444.867249,-105.399132,110.404022,
444.947083,-87.607811,111.401428,
444.742218,-67.837837,112.517227,
444.467865,-46.950531,113.651314,
444.070282,-24.821526,114.957115,
443.491272,-1.137438,116.431595,
443.009583,24.014294,117.913635,
443.005493,50.198189,119.503197,
443.563507,77.523094,121.163673,
444.872437,106.252991,122.520630,
447.118225,136.122345,123.653801,
450.158417,166.941757,124.946060,
453.760254,198.266113,126.325325,
457.701965,229.212692,127.471603,
461.773865,259.299957,128.695480,
465.877197,288.542572,130.478821,
469.919678,316.120911,132.519180,
473.640350,341.168427,134.270630,
477.102295,362.869904,134.913391,
480.249176,380.997620,134.005905,
483.637329,396.001251,131.715042,
487.611755,408.578674,128.115601,
491.979401,418.778534,123.167969,
496.837372,425.707306,116.785248,
501.986481,428.266327,109.140923,
506.604797,427.539032,101.805939,
508.110413,425.771851,95.214989,
504.989563,423.631775,89.548248,
501.996490,422.065613,84.968781,
502.039429,422.530884,82.997810,
503.420807,424.903839,83.985107,
503.715088,427.205139,85.283607,
503.414886,428.633118,85.638092,
503.728363,429.349304,84.972664,
504.274780,430.287628,83.984184,
504.268616,431.270691,83.509918,
504.271973,431.649872,83.333221,
504.553955,431.753906,83.085876,
504.656677,432.057800,82.901642,
503.840851,432.193970,82.825256,
501.478821,431.885742,82.742844,
498.124939,431.303833,82.694908,
494.766144,430.751160,82.727539,
492.096680,430.340302,82.635338,
490.999542,429.912079,82.497360,
491.287598,430.075134,82.411484,
491.657257,430.389587,82.386459,
491.579437,430.478119,82.593506,
491.388947,430.568695,82.844795,
491.152039,430.667603,82.985680,
490.760193,430.595123,83.033691,
490.461365,430.510681,82.999741,
490.271912,430.482086,82.985374,
489.977173,430.380157,83.017319,
489.627686,430.294037,83.101021,
489.280151,430.288452,83.226334,
488.979431,430.215454,83.437439,
488.744690,430.109344,83.628044,
488.590118,430.038971,83.779594,
488.481964,429.978546,83.911179,
488.402710,429.882996,84.016373,
488.352478,429.804291,84.121544,
488.294617,429.827179,84.185333,
488.194977,429.847473,84.239494,
488.147644,429.789276,84.317825,
488.118011,429.695465,84.334831,
488.129120,429.592224,84.353462,
488.060059,429.575317,84.308449,
488.013580,429.552856,84.220093,
488.242462,429.374298,84.213066,
488.340851,429.256775,84.155472,
488.345917,429.229645,84.067642,
488.721313,429.107819,84.108063,
489.178467,428.990265,84.175377,
489.493469,428.959473,84.199318,
489.753021,428.968475,84.198654,
490.080841,428.850006,84.141701,
490.384888,428.785675,84.099998,
490.661285,428.839661,84.074326,
490.929840,428.917145,83.999031,
491.213684,428.998566,83.927620,
491.436310,429.082092,83.940681,
491.590057,429.159393,83.971664,
491.729126,429.219299,83.979950,
491.815155,429.289490,83.987122,
491.871094,429.370453,84.010231,
491.907043,429.506653,83.991653,
491.926971,429.602753,83.938980,
491.991180,429.619263,83.996330,
492.050262,429.609406,84.031189,
492.062286,429.630768,83.961571,
492.021057,429.643524,83.920914,
491.994629,429.714447,83.910858,
492.005310,429.785828,83.882446,
491.990417,429.826904,83.860680,
491.927368,429.864777,83.830704,
491.904449,429.952545,83.826462,
491.918671,430.000458,83.828606,
491.925446,430.000153,83.816071,
491.925232,430.029205,83.799515,
491.900360,430.026276,83.749367,
491.882690,429.983032,83.727127,
491.870667,429.991638,83.795624,
491.863159,429.992645,83.806519,
491.891907,429.993774,83.802368,
491.948517,429.981445,83.821289,
492.007507,429.970123,83.802437,
492.007507,429.934540,83.733543,
492.085724,429.932312,83.714928,
492.170715,429.922943,83.731201,
492.180023,429.904175,83.704613,
492.198029,429.903473,83.676575,
492.142059,429.901581,83.588600,
492.091248,429.906006,83.564514,
492.141022,429.918793,83.591156,
492.147064,429.930481,83.586884,
492.103821,429.917145,83.547211,
492.114716,429.874573,83.565720,
492.150146,429.909637,83.630829,
492.192078,429.945282,83.694817,
492.164612,429.959412,83.671646,
492.060608,429.979492,83.568390,
492.052338,430.030853,83.504318,
492.091095,430.098450,83.517456,
492.099548,430.110352,83.511208,
492.135986,430.136963,83.457375,
492.165466,430.188934,83.460602,
492.165955,430.229797,83.490700,
492.231445,430.290833,83.511230,
492.303253,430.287903,83.506859,
492.387756,430.307526,83.497993,
492.333069,430.254822,83.391418,
492.255646,430.128967,83.263145,
492.531769,430.306519,83.417496,
492.761475,430.480011,83.503944,
492.949371,430.505615,83.463615,
493.200226,430.493042,83.369286,
493.429535,430.528290,83.298988,
493.747375,430.581146,83.235062,
494.231812,430.638397,83.199348,
494.666840,430.665405,83.167450,
494.932404,430.601532,83.140106,
495.260834,430.557556,83.119377,
495.624390,430.568512,83.117508,
495.864471,430.582794,83.044365,
496.017609,430.601166,82.926216,
496.231140,430.694672,82.825363,
496.418884,430.862244,82.733498,
496.561249,430.943420,82.698128,
496.767700,430.923218,82.644165,
496.946320,430.920654,82.543625,
497.073486,430.931610,82.447052,
497.225220,430.933075,82.388069,
497.466034,430.864655,82.429489,
497.689850,430.810852,82.458015,
497.829376,430.793335,82.416832,
498.079498,430.801849,82.434120,
498.377350,430.807770,82.479332,
498.672485,430.768341,82.506409,
498.917480,430.719116,82.519814,
499.165100,430.730743,82.551285,
499.450104,430.700500,82.584290,
499.624695,430.610413,82.602615,
499.700409,430.539612,82.562447,
499.805298,430.475311,82.486549,
499.986359,430.426147,82.420601,
500.234894,430.335571,82.418602,
500.471069,430.243011,82.435188,
500.692627,430.136993,82.367722,
500.965759,429.936279,82.395630,
501.287720,429.553467,82.526550,
501.541931,429.317596,82.562317,
501.757141,429.242157,82.530815,
501.926941,429.113403,82.503433,
502.124023,428.911987,82.485954,
502.404053,428.685333,82.530006,
502.727539,428.434814,82.545044,
502.959808,428.127472,82.470299,
503.341064,427.830994,82.434425,
503.879303,427.585693,82.450775,
504.122162,427.294159,82.326248,
504.275543,426.991852,82.270775,
504.621948,426.552185,82.336006,
504.962128,426.085938,82.363976,
505.275574,425.567627,82.379616,
505.640686,425.041534,82.462219,
506.168518,424.367859,82.511795,
506.756165,423.454956,82.569275,
507.266510,422.505371,82.635887,
507.698608,421.756744,82.640686,
508.255646,420.974091,82.692398,
508.827972,420.017487,82.724403,
509.153931,419.162781,82.691505,
509.254608,418.452972,82.729706,
509.175476,417.564453,82.803894,
508.984070,416.506042,82.901474,
508.845337,415.527740,83.159538,
508.646759,414.529724,83.575287,
508.179718,413.242737,84.038765,
507.646820,411.610474,84.516602,
507.224762,409.894989,85.155777,
506.676392,407.934753,85.827881,
506.094696,405.951660,86.471214,
505.454285,403.973999,87.065880,
504.676422,401.618286,87.781647,
503.908234,398.966949,88.595581,
503.233337,396.249146,89.460701,
502.594055,393.521118,90.338394,
501.881561,390.700348,91.266922,
501.019470,387.818756,92.126106,
500.297150,384.853760,93.005722,
499.700470,381.661041,93.938019,
498.963745,378.068329,94.924156,
498.240631,373.616455,95.614525,
497.702820,368.035400,96.032272,
497.117767,361.877228,96.432098,
496.415497,355.529175,96.749794,
495.793976,348.743927,96.824867,
495.545746,341.609924,96.849411,
495.344238,334.200745,96.839134,
495.071198,326.441681,96.708206,
494.707611,318.327942,96.566498,
494.525818,310.029236,96.353844,
494.619537,301.393555,96.160690,
494.867462,292.112030,96.032173,
495.292450,282.422974,95.917648,
495.853271,272.377319,95.800095,
496.380280,261.748596,95.750580,
497.014923,250.938522,95.862762,
497.799103,239.905731,96.053185,
498.517944,228.646835,96.363289,
499.197845,217.329254,96.786324,
500.104004,206.035797,97.372818,
501.031616,194.764511,98.179832,
502.006104,183.695740,99.157310,
503.144043,172.877350,100.322334,
504.222626,162.309814,101.625603,
505.381287,152.099518,103.044434,
506.641205,142.304031,104.407646,
507.840820,133.052429,105.702538,
509.153046,124.589561,107.046577,
510.437317,116.946350,108.027084,
511.649078,109.994171,108.833565,
512.771118,103.551384,109.452034,
513.454590,97.349518,109.795761,
513.984802,91.412148,109.938911,
514.674072,85.960144,109.737419,
515.321716,81.159477,109.479118,
515.724548,76.881775,109.263542,
516.378174,73.126816,108.882530,
517.134644,70.014999,108.510475,
517.941772,67.288498,108.214203,
518.938782,64.989624,107.850334,
519.901489,63.238209,107.448257,
520.695679,61.768757,107.054367,
521.429565,60.488228,106.458237,
521.932495,59.602009,105.438217,
521.808228,59.607018,104.033958,
521.180542,60.309242,102.386734,
520.373718,60.746002,100.492035,
519.753174,60.852184,98.591934,
519.419128,60.796288,96.927574,
519.250000,60.242168,95.481667,
519.263733,59.286781,94.242065,
519.471375,58.598972,93.220474,
519.752197,58.503803,92.342773,
519.873352,58.602058,91.634552,
519.803589,58.632587,91.163490,
519.690369,58.702515,90.944595,
519.510681,58.828644,90.902557,
519.315735,58.935978,90.936317,
519.159546,59.021584,91.010117,
519.066040,59.154182,90.994987,
518.953064,59.283169,90.884727,
518.789917,59.297443,90.678314,
518.542908,59.213734,90.266495,
518.297729,59.096386,89.713043,
518.108154,58.990150,89.220726,
517.916748,58.903053,88.754646,
517.745789,58.771141,88.193756,
517.664429,58.645729,87.724449,
517.542542,58.584583,87.474640,
517.371704,58.617645,87.379898,
517.201416,58.670238,87.388115,
517.031250,58.698444,87.423157,
516.906433,58.773212,87.425117,
516.795654,58.866226,87.348991,
516.645630,58.909199,87.160530,
516.499634,58.953747,86.968475,
516.405640,59.015301,86.809982,
516.319580,59.067139,86.630989,
516.257629,59.121563,86.422707,
516.218994,59.187317,86.297379,
516.160217,59.243500,86.224823,
516.093262,59.247452,86.120300,
516.051514,59.287033,85.972572,
516.036194,59.337090,85.870285,
516.008057,59.361301,85.847374,
515.973938,59.394485,85.797668,
515.937439,59.424358,85.753319,
515.906555,59.458572,85.692665,
515.843811,59.532379,85.597008,
515.756226,59.627422,85.532860,
515.653259,59.669319,85.470253,
515.497681,59.644463,85.396034,
515.348816,59.647526,85.356468,
515.301575,59.700714,85.280586,
515.342712,59.720596,85.178978,
515.414734,59.767612,85.057388,
515.440247,59.836185,84.929726,
515.444641,59.889713,84.844444,
515.534546,59.925152,84.799675,
515.643738,59.942932,84.727676,
515.716858,59.979000,84.645874,
515.805176,60.022617,84.593063,
515.819153,59.977768,84.573921,
515.808105,59.958385,84.544601,
515.810730,60.020481,84.512184,
515.848450,60.052326,84.494400,
515.933533,60.047699,84.443665,
516.030762,60.126995,84.420616,
516.055054,60.237598,84.429909,
516.060852,60.285446,84.466698,
516.041809,60.320862,84.506210,
515.939941,60.354691,84.505264,
515.840576,60.350094,84.483498,
515.789124,60.344315,84.479057,
515.791565,60.350971,84.534393,
515.830994,60.351307,84.590866,
515.873413,60.305988,84.624443,
515.969482,60.358574,84.640831,
516.016846,60.378883,84.661568,
516.032837,60.333687,84.703468,
516.091248,60.308563,84.730621,
516.151245,60.279827,84.740051,
516.160095,60.254196,84.747437,
516.177856,60.225349,84.725113,
516.205933,60.176620,84.702477,
516.266052,60.064987,84.686600,
516.317627,59.997437,84.695992,
516.343262,59.969498,84.705894,
516.388184,59.901451,84.704231,
516.458313,59.764915,84.729652,
516.546204,59.688538,84.776436,
516.557495,59.610180,84.769814,
516.588135,59.509777,84.727417,
516.696655,59.495338,84.721649,
516.765747,59.449436,84.709877,
516.819336,59.322369,84.700264,
516.860657,59.252739,84.729759,
516.952209,59.168472,84.769821,
517.078369,59.043671,84.741035,
517.233704,58.889698,84.763344,
517.412781,58.680443,84.814301,
517.498352,58.442997,84.818153,
517.561646,58.262478,84.820320,
517.583069,58.109993,84.849182,
517.557983,57.979897,84.891273,
517.594421,57.897995,84.902176,
517.662659,57.788631,84.899696,
517.747375,57.677433,84.906509,
517.843201,57.608158,84.893326,
517.903870,57.496986,84.931076,
517.900757,57.332474,85.001099,
517.953430,57.209618,85.071320,
518.098328,57.187153,85.133911,
518.225830,57.121471,85.180405,
518.260925,57.007977,85.222374,
518.283325,56.964302,85.266426,
518.341309,56.928185,85.318214,
518.415222,56.813618,85.357018,
518.448181,56.698517,85.432716,
518.514771,56.597343,85.483742,
518.710022,56.401340,85.532318,
519.005005,56.093349,85.653664,
519.346130,55.757446,85.919930,
519.663940,55.355000,86.213768,
520.069580,54.722507,86.567673,
520.811646,53.935970,87.099785,
522.007202,53.035408,87.651817,
523.268311,51.785591,88.110115,
524.317810,50.131062,88.700233,
525.193237,48.156441,89.567924,
525.790405,45.845837,90.632492,
526.099060,43.270023,91.948570,
526.055786,40.592995,93.338326,
525.741028,37.726425,94.826485,
525.315674,34.553429,96.384186,
524.558228,31.213554,97.956429,
523.277039,27.770473,99.628990,
521.857910,23.754324,101.206711,
520.636414,18.348627,102.488647,
519.412903,12.089565,103.711967,
517.787109,6.498717,105.576706,
515.857117,0.287774,107.600937,
514.419983,-8.874478,108.488380,
513.083313,-19.498716,109.001801,
511.429169,-29.880896,109.862282,
509.798340,-40.629433,110.672096,
508.298859,-51.800816,111.297874,
506.727570,-62.925076,111.916229,
504.986145,-74.071899,112.494484,
502.967804,-85.369949,113.025803,
500.838318,-96.520233,113.496048,
498.639954,-107.357529,113.901299,
496.197205,-117.772110,114.280144,
493.727509,-127.622437,114.627586,
491.145813,-136.761673,114.871140,
488.562622,-145.151154,115.115112,
486.194489,-152.818970,115.301071,
483.969177,-159.642563,115.568642,
481.747406,-165.463394,115.787193,
479.692902,-170.356018,115.925125,
477.811981,-174.562668,115.995850,
475.782623,-178.124390,115.995071,
473.806244,-181.136673,115.802467,
472.003784,-183.843201,115.433792,
470.358582,-186.376312,114.910622,
468.896088,-188.790009,114.457146,
467.733917,-191.127090,114.128670,
466.979156,-193.462738,113.709450,
466.515503,-195.850677,113.220741,
466.355621,-198.448196,112.630005,
466.519592,-201.389282,111.818100,
466.899048,-204.683777,110.884315,
467.393402,-208.119553,109.832687,
467.965210,-211.762619,108.500465,
468.627411,-215.715179,106.837936,
469.492279,-220.003555,104.847816,
470.262970,-224.672028,102.588661,
470.932709,-229.365036,100.344894,
471.651276,-233.551590,97.971962,
472.115662,-236.608780,95.187302,
471.910767,-237.245407,92.535774,
471.273315,-235.202652,90.627563,
470.548859,-233.144089,89.649132,
469.902405,-233.120621,89.761520,
469.426544,-233.795609,90.235725,
469.050079,-233.465042,90.651833,
468.875122,-232.852203,90.975853,
468.973022,-232.653397,91.053467,
469.171722,-232.578430,90.944077,
469.380920,-232.463089,90.830063,
469.490509,-232.376587,90.734871,
469.524017,-232.377792,90.635582,
469.490967,-232.381882,90.574905,
469.414429,-232.385345,90.552345,
469.383759,-232.435379,90.514450,
469.358917,-232.470718,90.490776,
469.309662,-232.432404,90.482918,
469.286407,-232.409164,90.475639,
469.281921,-232.408295,90.484947,
469.236115,-232.368210,90.538719,
469.195923,-232.332458,90.562698,
469.114532,-232.312958,90.575966,
468.979279,-232.285965,90.588562,
468.877777,-232.258667,90.576447,
468.811646,-232.248596,90.561729,
468.732483,-232.204025,90.560898,
468.593506,-232.196930,90.573761,
468.432770,-232.226318,90.633888,
468.352600,-232.228180,90.695015,
468.288116,-232.244156,90.764351,
468.205475,-232.259033,90.857330,
468.148651,-232.212372,90.957428,
468.152222,-232.145645,91.024193,
468.148193,-232.133438,91.072060,
468.099762,-232.142487,91.132408,
468.027740,-232.157288,91.213875,
467.962067,-232.120255,91.267174,
467.910522,-232.070831,91.282219,
467.786133,-232.053787,91.339592,
467.643982,-232.016205,91.459656,
467.467834,-232.001251,91.620651,
467.251251,-231.966858,91.792175,
467.000000,-231.933807,91.970787,
466.727936,-231.916473,92.136780,
466.508057,-231.946365,92.259384,
466.225616,-231.977341,92.355415,
465.844910,-231.958984,92.488449,
465.471191,-231.928589,92.640442,
465.200775,-231.901596,92.715858,
464.965240,-231.911301,92.777214,
464.660767,-231.895248,92.924873,
464.401215,-231.807541,93.061485,
464.219971,-231.633438,93.152962,
464.095093,-231.484802,93.263596,
464.080139,-231.424042,93.376183,
464.124542,-231.406754,93.524727,
464.218536,-231.400101,93.739540,
464.383911,-231.372406,93.991066,
464.606140,-231.246811,94.270752,
464.799164,-231.057755,94.540497,
464.970398,-230.870667,94.747864,
465.123108,-230.706085,94.899376,
465.135193,-230.475204,95.021950,
465.036713,-230.246368,95.115944,
464.922485,-230.147308,95.246590,
464.817047,-229.988556,95.427200,
464.725616,-229.754745,95.585747,
464.649628,-229.525345,95.769516,
464.549164,-229.259155,96.000259,
464.423401,-228.923798,96.267303,
464.267395,-228.575195,96.453461,
464.061157,-228.252151,96.541206,
463.861877,-227.922394,96.645256,
463.719391,-227.524887,96.755501,
463.651642,-227.119568,96.766022,
463.651794,-226.612259,96.789871,
463.693359,-225.960587,96.872253,
463.697571,-225.321152,96.962440,
463.639679,-224.790588,97.123909,
463.586243,-224.314362,97.363533,
463.682709,-223.781174,97.603065,
463.947357,-223.012253,97.702713,
464.236816,-222.164474,97.697197,
464.662598,-221.357498,97.836502,
465.302979,-220.379333,98.138763,
466.011230,-219.274460,98.550758,
466.767151,-218.189087,99.234009,
467.571533,-217.264496,100.261322,
468.411316,-216.326797,101.577621,
469.293945,-214.858643,103.399734,
470.330750,-212.563904,105.484795,
471.370728,-209.173233,107.766487,
472.230652,-204.479523,110.245262,
472.918060,-198.104553,112.810234,
473.518005,-189.688019,115.364243,
473.905884,-179.023560,117.813126,
473.940613,-166.285614,119.983658,
473.722687,-151.279297,121.640953,
473.193604,-134.050232,122.948769,
472.315247,-114.955826,124.285286,
471.356689,-94.087418,125.190697,
470.257843,-71.731560,125.228058,
468.387024,-48.023651,125.368004,
466.356903,-22.841736,126.082779,
464.409576,3.923846,127.087860,
462.306366,32.320663,128.078598,
460.425934,62.100876,128.979111,
458.872711,93.382187,129.595520,
457.717926,126.315048,129.751556,
457.064209,161.001282,129.283325,
456.933868,197.362228,128.108292,
457.509552,235.252930,126.554619,
458.824371,274.444092,125.027122,
461.245422,314.081329,124.267296,
464.456329,353.114990,125.160484,
467.281921,389.256317,126.776512,
471.088959,421.971924,129.120270,
476.602386,450.237152,131.132141,
483.082458,472.900330,131.510162,
490.569366,490.369385,129.865234,
499.832458,503.319702,125.862923,
509.871582,510.985321,119.469421,
518.435852,514.022827,111.962181,
524.068298,513.863098,104.081367,
525.417847,511.981781,96.642830,
523.652039,508.765442,90.014839,
521.786072,506.841797,85.438988,
521.780151,508.871429,84.826492,
522.082520,511.666779,86.723747,
521.311218,513.034607,88.025154,
519.841553,514.348999,87.891624,
519.242737,515.827820,86.999016,
519.732178,516.512634,85.783119,
520.124939,517.168884,85.067474,
520.376221,517.877563,84.765167,
520.728088,518.452148,84.448639,
520.885132,518.804138,84.356789,
520.940002,519.031738,84.499847,
521.015137,519.153320,84.741951,
521.116455,519.287781,85.125648,
521.063599,519.401367,85.605736,
520.841675,519.441833,86.084572,
520.621948,519.401794,86.487183,
520.241943,519.274780,86.806648,
519.816040,519.122620,86.979630,
520.110657,519.325317,86.871910,
520.434448,519.467957,86.585327,
520.537598,519.521729,86.334900,
520.742432,519.756592,86.121826,
521.022888,520.018738,85.958038,
521.281433,520.223633,85.927704,
521.462769,520.350586,85.965317,
521.569885,520.485901,86.046310,
521.644775,520.703430,86.180580,
521.753967,520.889160,86.327415,
521.887390,521.009338,86.412476,
521.877686,521.117920,86.398239,
521.780884,521.255615,86.365021,
521.677979,521.361145,86.348579,
521.647034,521.443237,86.314545,
521.680969,521.564697,86.283218,
521.703735,521.786499,86.211342,
521.849548,522.053040,86.091385,
522.046265,522.286011,85.990738,
522.053955,522.417175,86.006699,
522.039124,522.625977,86.043327,
522.023560,522.822998,86.133751,
521.822327,522.916260,86.209824,
521.484680,522.875732,86.194267,
521.243713,522.865234,86.244370,
521.123901,522.895508,86.306656,
521.092041,523.003357,86.348679,
521.093262,523.107361,86.395706,
521.049316,523.112366,86.383286,
521.007324,523.172546,86.268517,
521.000610,523.240662,86.202545,
520.973145,523.297241,86.083786,
521.036743,523.374634,85.995956,
521.257751,523.454102,85.949387,
521.539978,523.497437,85.911980,
521.708252,523.518005,85.825630,
521.764343,523.513245,85.815445,
521.779724,523.515320,85.860970,
521.806519,523.477295,85.893440,
521.804993,523.439697,85.823433,
521.766296,523.403992,85.781403,
521.754517,523.387512,85.843269,
521.738281,523.368042,85.802559,
521.707520,523.320984,85.762619,
521.650452,523.222290,85.732903,
521.626526,523.187439,85.650314,
521.676819,523.241211,85.571442,
521.702576,523.218140,85.524536,
521.785583,523.184021,85.533981,
521.891785,523.193054,85.545135,
521.836853,523.068665,85.545273,
521.704224,522.862976,85.622437,
521.981689,522.951233,85.766106,
522.207703,523.093445,85.830162,
522.269897,523.059082,85.874733,
522.271545,522.993347,85.883057,
522.276978,522.987366,85.876663,
522.254211,522.958923,85.881256,
522.179932,522.924866,85.897858,
522.122253,522.927429,85.858742,
522.077332,522.957031,85.779930,
522.074158,522.986389,85.716789,
522.039551,522.988464,85.717560,
521.810913,522.935303,85.721268,
521.456360,522.816406,85.700638,
521.549744,522.870789,85.731750,
521.600891,522.962036,85.740341,
521.434448,522.979553,85.777557,
521.397766,522.999817,85.858658,
521.339844,523.020325,85.779144,
521.233521,523.025085,85.793610,
521.167358,523.129639,85.812065,
521.135071,523.187683,85.722031,
521.079468,523.210266,85.671059,
520.986206,523.202087,85.640175,
520.853943,523.158386,85.568932,
520.838257,523.278870,85.516243,
520.739075,523.310669,85.501480,
520.668884,523.279602,85.557411,
520.722351,523.324158,85.706947,
520.820496,523.388550,85.785538,
520.828003,523.383545,85.841110,
520.789978,523.375183,85.880295,
520.673645,523.353394,85.789886,
520.566345,523.358582,85.684601,
520.528870,523.395203,85.727257,
520.494202,523.462219,85.772705,
520.416565,523.505188,85.721596,
520.242737,523.455811,85.659645,
520.140564,523.441223,85.705704,
520.052246,523.467712,85.738129,
519.967346,523.500916,85.822319,
519.840576,523.445618,85.969574,
519.650452,523.250000,86.145348,
519.614258,523.244446,86.261505,
519.770752,523.480835,86.323334,
519.768433,523.513062,86.453453,
519.480713,523.291809,86.544113,
519.487244,523.284119,86.581688,
519.640625,523.481323,86.571442,
519.566528,523.520142,86.507614,
519.476196,523.489868,86.490784,
519.442627,523.458496,86.498474,
519.244324,523.258606,86.492767,
519.010742,523.077393,86.520760,
518.937927,523.041992,86.643188,
518.929932,523.082825,86.762367,
518.888062,523.052124,86.804413,
518.808655,522.935852,86.953743,
518.778198,522.922058,87.043983,
518.696655,522.922302,87.034935,
518.669617,522.875671,87.038734,
518.790588,522.928223,87.106689,
518.835754,522.919189,87.208405,
518.812256,522.884888,87.277473,
518.799072,522.955322,87.219894,
518.766113,522.993591,87.190331,
518.718994,522.954895,87.242622,
518.602966,522.828430,87.343552,
518.566711,522.812378,87.392014,
518.677856,522.852356,87.498352,
518.685303,522.736267,87.615662,
518.726929,522.701538,87.640602,
518.623535,522.690186,87.585686,
518.346802,522.513000,87.458633,
518.572876,522.528198,87.558846,
518.862000,522.614563,87.789253,
518.827698,522.568665,87.808731,
518.757690,522.423523,87.783646,
518.807129,522.308594,87.754601,
518.808228,522.212402,87.703728,
518.711121,521.986572,87.616096,
518.666565,521.769836,87.642662,
518.682434,521.630981,87.770615,
518.629944,521.481628,87.812859,
518.598450,521.327087,87.832611,
518.586487,521.158264,87.894104,
518.531433,520.952148,87.997749,
518.557495,520.781860,88.141426,
518.602356,520.666809,88.270584,
518.568542,520.508667,88.387695,
518.511780,520.224365,88.558891,
518.547302,520.015442,88.744431,
518.525024,519.821777,89.049454,
518.412537,519.579529,89.391365,
518.243530,519.260986,89.766373,
518.205627,519.062439,90.188721,
518.312866,518.948547,90.667145,
518.445557,518.787415,91.240143,
518.539856,518.670044,91.770119,
518.652344,518.633179,92.219604,
518.728943,518.468079,92.796471,
518.742676,518.246521,93.431862,
518.594788,518.077026,94.047646,
518.393066,517.856506,94.777756,
518.389771,517.640381,95.611725,
518.279358,517.234558,96.583511,
517.720703,516.747864,97.606407,
517.046021,516.435181,98.827026,
517.011353,516.588806,100.307617,
516.807922,516.735168,101.896614,
516.218384,516.642944,103.738213,
515.642944,516.589050,105.652847,
514.848572,516.267822,107.691063,
513.977173,515.838623,109.678505,
512.827148,515.454651,111.486801,
511.384552,514.813660,113.564476,
509.925232,513.836426,115.559731,
508.437012,512.061523,117.234634,
506.867035,509.351379,118.617287,
505.465698,505.734863,119.900528,
504.071564,500.683502,121.037880,
502.849365,494.022583,121.942162,
502.471985,486.205780,122.906929,
502.155518,476.971649,123.758400,
501.824707,466.204773,124.391373,
501.682251,454.270935,124.785538,
501.668671,441.435028,124.983940,
501.690582,427.655731,125.201126,
501.683350,413.024658,125.404938,
501.772125,397.766510,125.524834,
501.972015,382.017944,125.738258,
501.892029,365.867004,125.863716,
501.701294,349.582733,126.040840,
501.385681,332.994354,126.207497,
501.080627,316.291138,126.420822,
500.961670,299.929352,126.839569,
501.013092,284.197357,127.419716,
501.196960,268.718964,128.192017,
501.442291,253.567245,128.899826,
501.747498,238.956268,129.519791,
502.367737,225.177063,130.189728,
503.153656,212.319916,130.751450,
503.959290,200.263443,131.149307,
505.039551,189.060150,131.327560,
506.452606,178.728577,130.839096,
507.709900,169.114960,129.972839,
508.817139,160.183609,128.801651,
510.053467,151.836639,127.341888,
511.109619,144.076004,125.539459,
512.000549,137.153687,123.454285,
512.854980,130.879517,121.152702,
513.195618,125.159630,118.307823,
513.012817,120.071640,114.873177,
512.709900,115.562088,111.292671,
512.197937,111.782005,107.676247,
511.036469,109.318184,103.671257,
509.589661,108.217934,99.554970,
508.548859,106.995911,96.170540,
508.122864,104.636169,93.631264,
508.325714,101.997604,91.617165,
508.706665,100.418518,89.715111,
508.944580,99.748062,87.922066,
509.266083,99.092148,86.429810,
509.520599,98.510826,85.642174,
509.458893,98.366386,85.479271,
509.302307,98.417397,85.538765,
509.257538,98.449623,85.564003,
509.447144,98.501923,85.556641,
509.651764,98.584923,85.587173,
509.670990,98.615707,85.570686,
509.665283,98.547913,85.540611,
509.704651,98.393311,85.520691,
509.714630,98.196274,85.502083,
509.649536,97.992180,85.456085,
509.574005,97.864998,85.407509,
509.527740,97.720100,85.366760,
509.528595,97.524048,85.371658,
509.571533,97.424911,85.422203,
509.573853,97.350174,85.509407,
509.577026,97.211693,85.611145,
509.548431,97.058640,85.694435,
509.492950,96.897461,85.770576,
509.447479,96.677849,85.825188,
509.427032,96.494446,85.885391,
509.432281,96.345413,85.982162,
509.451813,96.197731,86.090233,
509.486877,95.996231,86.158134,
509.447540,95.817383,86.204788,
509.381470,95.671852,86.238197,
509.360138,95.483406,86.316658,
509.313690,95.259552,86.435829,
509.223694,95.015564,86.574875,
509.116394,94.713333,86.655167,
509.008575,94.476311,86.723312,
508.974304,94.363411,86.880936,
509.000244,94.259735,87.056892,
508.950684,94.124771,87.235886,
508.875275,93.996346,87.373131,
508.811554,93.861824,87.435493,
508.671478,93.727943,87.550285,
508.513794,93.603226,87.709671,
508.347107,93.452751,87.848061,
508.133759,93.259789,88.005508,
507.944946,93.125702,88.168182,
507.732941,93.050606,88.291405,
507.487671,92.956261,88.373604,
507.274170,92.816269,88.463455,
507.021118,92.669090,88.561050,
506.739502,92.434700,88.693054,
506.490112,92.090599,88.806740,
506.320190,91.795387,88.918869,
506.141815,91.563095,89.113060,
505.933899,91.339104,89.239601,
505.698547,91.080528,89.356384,
505.424622,90.753746,89.521179,
505.174286,90.413361,89.655846,
504.955139,90.119278,89.745827,
504.760193,89.817757,89.873497,
504.597229,89.392021,90.043335,
504.419647,88.883118,90.258400,
504.202942,88.350426,90.567238,
503.999542,87.756020,90.908844,
503.762482,87.047226,91.283478,
503.453522,86.285599,91.795784,
503.201385,85.535896,92.498360,
503.100220,84.890999,93.303261,
502.992950,84.287643,94.119385,
502.682983,83.637436,95.109993,
502.306763,83.038383,96.393501,
501.894775,82.616318,98.168396,
501.317871,82.272186,100.353706,
500.446808,81.839172,102.658249,
499.114563,81.083679,105.073776,
497.330963,79.826225,107.712257,
495.194580,78.172791,110.530380,
492.778473,75.954567,113.107193,
489.962646,73.178101,115.390724,
486.818634,69.878860,117.599098,
483.475067,65.905006,119.592224,
480.273193,61.131325,121.162834,
477.165680,55.537357,122.459618,
473.948456,49.345516,123.601646,
470.803864,42.582062,124.660301,
467.857422,34.911346,125.464577,
464.965576,26.148569,126.095657,
462.125061,16.308722,126.537399,
459.308594,5.628048,126.689919,
456.484283,-5.749561,126.588196,
453.646637,-17.725113,126.365662,
450.855438,-29.874929,126.188492,
448.143341,-41.985016,126.005638,
445.478210,-54.214611,125.865349,
442.730133,-66.483490,125.911827,
439.886414,-78.414398,126.108765,
437.164948,-89.987328,126.305550,
434.629181,-101.219376,126.600037,
432.098511,-111.995186,126.918365,
429.528656,-122.292267,127.280128,
427.039001,-132.139328,127.781769,
424.676025,-141.436111,128.297531,
422.360718,-150.091934,128.681458,
420.048615,-158.018265,128.969086,
417.701965,-165.244522,129.177689,
415.420074,-171.671219,129.157623,
413.314178,-177.025497,128.899170,
411.297363,-181.471497,128.441055,
409.465057,-185.162018,127.888245,
407.811157,-187.969238,127.080460,
406.321716,-189.819107,126.062988,
405.021179,-190.971146,125.028557,
403.754852,-191.515396,123.799942,
402.412750,-191.683365,122.399567,
401.122467,-191.685623,120.952087,
399.967438,-191.573151,119.484917,
398.764740,-191.340851,117.972626,
397.655701,-190.922806,116.418297,
396.893005,-190.351547,115.000816,
396.293274,-189.604095,113.765434,
395.799866,-188.585770,112.408226,
395.500397,-187.581985,110.901588,
395.375275,-186.877319,109.484108,
395.447052,-186.420364,108.172333,
395.723022,-186.422745,106.609421,
396.118652,-187.061020,104.870186,
396.342621,-188.006592,103.121201,
396.222839,-188.890610,101.567482,
395.648956,-189.731873,100.179787,
394.677032,-190.620712,98.881470,
393.631042,-191.541687,97.714058,
392.596893,-192.369537,96.870277,
391.737915,-192.925262,96.381416,
391.267029,-193.063828,96.111404,
391.142700,-192.881439,96.063728,
391.181152,-192.563110,96.117989,
391.277405,-192.250198,96.203789,
391.328125,-191.949524,96.329178,
391.304871,-191.709824,96.496277,
391.172119,-191.539948,96.655403,
391.002197,-191.376434,96.744446,
390.783386,-191.324356,96.828125,
390.620178,-191.267532,96.945335,
390.440613,-191.119949,97.056366,
390.222717,-190.956711,97.244820,
389.969238,-190.776962,97.547714,
389.753784,-190.605148,97.917816,
389.523560,-190.385345,98.421310,
389.280426,-190.056885,99.052811,
389.100922,-189.598541,99.733994,
388.908356,-189.143112,100.418861,
388.590485,-188.693146,101.221962,
388.356323,-188.267426,102.065033,
388.286926,-187.880585,102.807739,
388.113770,-187.481354,103.534546,
387.795502,-187.092453,104.158501,
387.553345,-186.814972,104.679909,
387.465942,-186.565506,105.119850,
387.438812,-186.265198,105.435890,
387.415314,-185.983566,105.642059,
387.397614,-185.803223,105.756927,
387.333740,-185.641342,105.815491,
387.191040,-185.403564,105.872406,
386.939423,-185.009048,105.883278,
386.502899,-184.500488,105.951073,
385.930847,-184.066452,106.357872,
385.427338,-183.721954,106.987892,
384.912476,-183.346161,107.649536,
384.116760,-182.795685,108.502083,
383.199158,-182.166153,109.541382,
382.264160,-181.551300,110.731064,
381.348511,-180.803741,112.116959,
380.512421,-180.044556,113.604866,
379.656067,-179.337234,115.135941,
378.841980,-178.303009,116.777756,
378.251953,-177.058380,118.278107,
377.743073,-175.765823,119.737999,
377.330475,-174.408585,120.983742,
377.116150,-173.059845,121.918442,
376.972687,-171.660965,122.744232,
377.000092,-170.104019,123.261192,
377.454041,-168.311157,123.386841,
378.401367,-166.141022,123.450256,
379.704773,-163.585388,123.590622,
381.332520,-160.591278,123.795654,
383.440247,-157.088013,124.220322,
386.023834,-153.194626,124.860847,
389.002808,-148.819427,125.731171,
391.925140,-143.633896,126.518959,
394.366119,-136.978378,126.835876,
396.279510,-128.603455,126.916252,
397.814667,-118.949837,126.855721,
398.786377,-107.858841,126.530365,
399.531250,-94.819481,126.337044,
399.949463,-79.843018,125.931023,
399.998718,-62.718113,125.139160,
399.797424,-43.162777,124.430214,
399.239349,-21.506781,123.719208,
398.258545,2.048313,122.920662,
397.024475,27.359320,122.233322,
395.044464,53.929890,121.744904,
392.680084,81.870850,121.566002,
390.212036,111.239151,121.615501,
387.419830,141.851334,121.929474,
384.465576,173.506348,122.525162,
381.594666,206.474991,123.091873,
378.998810,241.078354,123.642487,
376.833282,276.860870,124.604042,
375.382507,313.323181,125.887177,
375.031769,350.998108,127.884506,
375.768860,389.380463,131.240540,
376.252380,426.165344,135.046265,
375.908417,460.335175,138.946411,
375.818298,491.770020,143.136276,
376.767822,519.249329,146.245285,
378.779205,541.741089,146.962173,
382.048615,559.377380,145.249146,
386.988098,573.579468,141.779541,
393.694061,585.110107,136.628799,
401.823029,592.688293,129.315399,
410.658386,596.140015,120.134590,
418.326019,597.594482,110.813194,
423.489197,596.661194,101.646690,
424.453705,593.434875,92.349083,
422.868378,590.522705,84.724419,
422.390503,591.579468,82.351746,
422.018250,594.691467,85.112686,
420.769348,596.320007,87.708313,
419.466705,596.565918,87.792999,
418.781647,597.463806,86.763168,
418.868256,598.231934,85.589706,
419.206024,598.561035,84.398193,
420.076294,599.988281,83.788879,
420.936005,601.756104,83.563133,
421.237823,601.887634,83.441116,
421.492889,601.872742,83.432808,
421.653992,602.329712,83.560226,
421.433594,602.475098,83.590469,
421.496521,602.825989,83.819336,
421.468719,603.134644,84.176788,
421.167206,603.213013,84.396484,
420.909729,603.308533,84.492897,
420.813019,603.384827,84.607918,
420.811951,603.413513,84.712807,
420.902374,603.530212,84.825310,
421.059540,603.684448,84.921028,
421.180878,603.726501,84.962860,
421.307037,603.658203,85.085365,
421.358490,603.662048,85.267967,
421.306519,603.698364,85.344238,
421.215393,603.766174,85.442039,
421.027344,603.823547,85.624107,
420.832245,603.853699,85.716888,
420.659058,603.874268,85.725456,
420.474091,603.908508,85.732834,
420.365356,604.008850,85.700951,
420.367889,604.183044,85.588417,
420.426483,604.381226,85.476440,
420.443024,604.501099,85.378769,
420.502380,604.647217,85.340469,
420.620850,604.857056,85.330605,
420.796051,605.014160,85.275024,
421.088806,605.215332,85.184875,
421.409576,605.567444,85.088829,
421.783966,606.069214,85.014526,
422.303040,606.657288,85.041031,
422.584015,607.046814,85.059929,
422.613831,607.214111,84.989761,
422.600220,607.319824,84.924881,
422.656494,607.529541,84.886848,
422.744873,607.760986,84.897919,
422.815674,607.972412,84.904861,
422.833252,608.065613,84.893379,
422.750488,608.031555,84.819977,
422.800354,608.119995,84.752281,
423.024902,608.300232,84.756546,
423.179962,608.425598,84.698227,
423.272339,608.500122,84.593803,
423.488342,608.696777,84.552002,
423.610626,608.859192,84.455849,
423.706085,608.893982,84.390633,
423.712830,608.871521,84.240761,
423.955475,609.016724,84.212090,
424.381561,609.213745,84.313652,
424.569550,609.243103,84.401482,
424.563354,609.167603,84.493362,
424.621338,609.145264,84.532654,
424.705536,609.070862,84.569817,
424.749512,608.992249,84.683342,
424.711639,608.905518,84.774101,
424.617523,608.762512,84.816498,
424.434113,608.528687,84.857224,
424.281494,608.357727,84.871513,
424.123535,608.252380,84.863045,
423.899658,608.140076,84.845757,
423.817108,608.122925,84.818184,
423.841522,608.172791,84.821350,
423.743988,608.068115,84.844620,
423.692383,607.993652,84.950737,
423.693512,608.005981,85.042328,
423.607727,607.953552,85.100380,
423.584808,607.952515,85.160225,
423.552429,607.979065,85.164398,
423.452820,607.961426,85.132469,
423.440552,607.923218,85.138199,
423.459503,607.902893,85.063766,
423.504089,607.853271,85.016579,
423.635681,607.930481,85.029488,
423.657532,607.941956,84.949265,
423.538239,607.849304,84.785164,
423.552216,607.923035,84.675995,
423.580994,608.002502,84.750000,
423.503662,607.937256,84.808571,
423.457184,607.890503,84.818726,
423.382355,607.809937,84.958321,
423.202789,607.746216,85.098106,
423.020935,607.720398,85.119095,
423.082794,607.845398,85.110207,
423.092926,607.987305,85.072998,
422.929810,607.994263,84.992134,
422.786041,607.981750,84.970627,
422.778381,608.031067,84.977631,
422.688995,608.060852,84.860367,
422.742096,608.223877,84.794456,
422.736633,608.374817,84.737289,
422.674896,608.365356,84.674934,
422.778503,608.313721,84.680771,
422.815186,608.261353,84.656410,
422.751190,608.204224,84.627167,
422.954041,608.271606,84.721252,
423.033112,608.324036,84.747955,
422.960815,608.317749,84.655777,
423.003754,608.358032,84.575180,
423.015381,608.398987,84.522339,
423.144531,608.506897,84.532326,
423.190552,608.507629,84.478271,
423.231354,608.506104,84.419182,
423.271240,608.536804,84.347946,
423.272186,608.494141,84.334053,
423.525848,608.575928,84.444473,
423.791748,608.734192,84.480316,
423.870209,608.715759,84.583679,
423.710693,608.443787,84.671555,
423.923065,608.494141,84.721001,
424.211792,608.569641,84.879036,
424.327576,608.485229,84.993538,
424.535950,608.566284,85.056442,
424.453583,608.463745,85.042427,
424.285645,608.307800,85.010696,
424.423431,608.454041,85.050522,
424.720978,608.672485,85.166626,
424.802673,608.654541,85.210205,
424.654236,608.406433,85.175087,
424.292786,607.847900,85.230804,
424.329315,607.622864,85.388535,
424.642792,607.638733,85.634476,
424.782593,607.550659,85.815590,
424.887360,607.328674,85.970268,
424.947418,607.013306,86.129807,
424.874634,606.641907,86.211838,
424.737518,606.072998,86.267174,
424.792725,605.471375,86.429558,
424.858276,604.877991,86.622025,
424.844421,604.311462,86.725250,
424.739410,603.645386,86.870598,
424.529449,602.822571,87.115982,
424.245270,601.999695,87.313240,
423.928040,601.160461,87.447243,
423.607422,600.250488,87.621895,
423.436920,599.527649,87.893791,
423.498840,599.050964,88.255684,
423.599152,598.566711,88.759613,
423.685730,598.057495,89.390022,
423.688171,597.546814,90.117996,
423.581696,597.239380,90.989281,
423.208496,597.014404,92.177017,
422.601746,596.777344,93.622025,
421.861511,596.650208,95.207558,
420.767792,596.302673,97.349159,
419.542542,595.813477,99.824425,
418.340607,595.533875,102.289337,
417.168732,595.385803,104.969322,
415.995819,594.958984,107.817017,
414.994904,594.151489,110.715179,
413.879425,592.513977,113.357208,
412.810425,589.869873,115.864647,
412.849701,586.546570,118.379715,
413.040710,582.116333,120.400352,
412.786377,576.465210,121.981186,
412.313446,569.475952,123.306480,
412.545105,561.735229,124.281357,
412.710205,552.617432,124.910698,
412.853424,542.552246,124.958237,
413.297607,531.842651,124.565788,
413.649933,520.056580,124.198441,
413.929749,507.406708,123.733749,
414.212555,494.033752,122.981277,
414.675812,480.062561,122.161751,
415.387024,465.673737,121.507622,
416.129730,450.939941,120.965462,
416.913330,436.202515,120.635872,
417.823303,421.588959,120.437317,
418.870392,407.079315,120.395264,
419.875397,392.546783,120.671471,
420.778229,377.761780,121.169067,
421.757385,362.960480,121.764320,
422.987762,348.493683,122.638084,
424.428406,334.233887,123.780884,
425.651459,320.083740,124.974335,
426.741058,306.046875,126.366676,
428.064484,292.308533,127.928284,
429.539429,278.665222,129.488251,
430.893005,264.988861,130.954636,
432.111816,251.587036,132.368515,
433.410095,238.457626,133.952713,
434.627808,225.546021,135.366531,
435.887299,213.216827,136.760666,
437.147369,201.583160,138.213470,
438.342896,190.624786,139.588135,
439.447510,180.285690,140.705963,
440.453735,170.527084,141.406754,
441.488556,161.386902,141.509216,
442.474609,153.007889,141.118576,
443.324585,145.412048,140.249329,
444.219116,138.581375,138.904694,
445.223633,132.680054,137.059875,
446.097046,127.533783,134.770355,
446.843262,123.100540,132.242340,
447.704285,119.516418,129.387650,
448.489349,116.500565,126.007538,
448.938202,114.040474,122.224831,
449.066864,112.195313,118.194496,
449.036285,110.467209,113.845261,
448.991547,108.781975,109.725967,
449.072052,107.082237,106.026543,
449.316254,104.988632,102.779259,
449.439667,102.497833,99.761757,
449.382660,100.461487,97.122726,
449.062958,99.038895,94.617615,
448.527344,97.686256,92.167137,
447.832672,96.437248,90.180031,
447.364685,95.544914,88.629280,
447.389862,94.936531,87.274635,
447.609772,94.550888,86.300850,
447.879608,94.497055,85.825195,
448.038788,94.622368,85.607780,
447.970642,94.680962,85.467484,
447.945862,94.670685,85.330269,
448.152100,94.643944,85.168808,
448.556519,94.531105,84.978027,
449.020508,94.428543,84.787148,
449.320068,94.318382,84.668839,
449.477142,94.164017,84.661385,
449.615112,93.986504,84.628502,
449.718475,93.921097,84.569839,
449.938751,94.021225,84.572815,
450.204315,94.077744,84.599380,
450.120300,93.806198,84.542572,
450.180847,93.670181,84.601242,
450.403259,93.703545,84.695572,
450.298950,93.529076,84.610435,
450.214417,93.356438,84.562477,
450.232697,93.266953,84.585670,
450.218933,93.149284,84.577362,
450.232574,92.974304,84.572990,
450.298035,92.846626,84.624840,
450.389771,92.741203,84.687210,
450.498016,92.583191,84.705666,
450.603577,92.402969,84.744354,
450.714600,92.246277,84.828186,
450.785309,92.135246,84.924904,
450.795959,92.015678,84.970245,
450.799011,91.914642,84.978554,
450.790771,91.802109,84.990295,
450.762726,91.699547,84.950256,
450.707611,91.608620,84.948883,
450.661133,91.519272,85.060226,
450.644257,91.340050,85.165710,
450.633240,91.210197,85.212105,
450.594757,91.150742,85.247002,
450.559540,91.094315,85.311806,
450.497498,91.023849,85.394264,
450.400360,90.933723,85.479057,
450.296783,90.885696,85.553078,
450.160156,90.880898,85.624329,
449.954163,90.849403,85.733894,
449.742798,90.775848,85.809074,
449.614441,90.778824,85.803436,
449.508087,90.774033,85.817123,
449.364990,90.694695,85.905151,
449.229462,90.608620,86.008858,
449.100739,90.557594,86.112885,
448.999115,90.549683,86.230644,
448.872162,90.422592,86.338585,
448.690125,90.245522,86.428558,
448.532562,90.211105,86.528137,
448.361694,90.183044,86.638626,
448.149536,90.082016,86.730774,
447.939270,90.020309,86.782936,
447.767548,89.981369,86.871918,
447.601715,89.847580,86.986588,
447.438293,89.665710,87.051186,
447.337006,89.476677,87.073120,
447.270691,89.263824,87.101387,
447.202454,89.086441,87.174057,
447.102783,88.911659,87.318199,
446.952637,88.630737,87.482803,
446.733704,88.291832,87.642937,
446.482849,87.976021,87.854057,
446.294373,87.662895,88.039673,
446.086395,87.239304,88.236519,
445.845978,86.749199,88.457680,
445.586731,86.267212,88.696129,
445.363434,85.823746,88.912476,
445.150757,85.453064,89.130592,
444.884705,84.976761,89.447914,
444.525665,84.383148,89.928429,
444.235138,83.815727,90.539833,
444.052612,83.374573,91.247086,
443.886383,83.021332,91.983780,
443.796021,82.645584,92.784081,
443.771301,82.337379,93.954514,
443.739197,82.228065,95.496582,
443.638123,82.249062,97.321625,
443.331177,82.287979,99.404922,
442.888733,82.290497,101.495644,
442.168823,82.199715,103.708214,
441.084259,81.907677,106.144348,
439.774323,81.408607,108.567558,
438.303528,80.627357,110.948990,
436.781891,79.300041,113.268524,
435.383179,77.293404,115.539818,
433.871002,74.740265,117.722046,
432.170532,71.508865,119.832993,
430.597778,66.992950,121.774239,
429.280334,61.238232,123.323265,
428.028198,54.569603,124.612709,
426.987274,47.039280,125.670471,
426.121643,38.493084,126.466476,
425.317535,29.173807,126.936356,
424.579163,19.152157,127.159798,
423.870850,8.475565,127.293404,
423.351624,-2.592048,127.360954,
423.138641,-13.869678,127.340034,
423.162689,-25.231844,127.223427,
423.064819,-36.647194,127.389053,
422.859161,-48.385109,127.742615,
422.046631,-60.821884,127.734879,
420.296082,-73.782509,127.438522,
419.495911,-85.187767,128.127945,
419.011169,-95.928024,128.783905,
417.839874,-106.838478,128.955963,
416.384064,-117.531494,129.192139,
415.042053,-127.567032,129.352264,
413.599060,-137.021072,129.300552,
411.848999,-145.941910,129.238800,
410.009949,-154.184128,129.067368,
408.035797,-161.446152,128.339554,
405.833282,-167.620483,127.120659,
403.705048,-173.077591,125.484131,
401.664307,-177.868744,123.507347,
399.430847,-182.085541,121.338043,
397.151337,-185.926468,119.047997,
394.783813,-189.046036,116.628166,
392.512665,-191.510422,114.072868,
390.387512,-193.616806,111.532471,
388.562225,-195.498245,109.010437,
387.133667,-197.150497,106.546234,
385.843384,-198.749130,104.311646,
384.697815,-200.296310,102.268242,
383.957611,-201.384003,100.391373,
383.354401,-202.186829,98.771400,
382.854645,-202.852448,97.229073,
382.521973,-203.408401,95.655609,
382.392212,-203.887131,94.220596,
382.446991,-204.220215,93.133522,
382.754578,-204.492188,92.194633,
383.236267,-204.751068,91.315811,
383.660248,-205.005035,90.718201,
383.948639,-205.189209,90.453331,
384.135498,-205.141296,90.406235,
384.261200,-205.021896,90.487358,
384.300812,-204.935608,90.629860,
384.276398,-204.979263,90.798309,
384.247833,-205.147278,90.959007,
384.192383,-205.366135,91.138435,
384.154907,-205.542297,91.261215,
384.076111,-205.737717,91.255829,
383.964020,-205.840317,91.215363,
383.976318,-205.810547,91.258003,
383.965363,-205.693542,91.221115,
383.925079,-205.582458,91.037239,
383.961548,-205.534760,90.778358,
384.009308,-205.400635,90.513069,
384.026886,-205.055161,90.261505,
384.053772,-204.553925,90.040405,
384.107391,-203.986206,89.695755,
384.166260,-203.405380,89.326721,
384.257660,-202.671188,88.966034,
384.400909,-201.854568,88.545906,
384.442078,-201.080139,88.122528,
384.432343,-200.344040,87.793282,
384.400879,-199.857376,87.566734,
384.366425,-199.640808,87.397331,
384.350708,-199.434250,87.232910,
384.343445,-199.174118,87.057541,
384.373108,-198.955704,86.881310,
384.458038,-198.784256,86.721497,
384.512787,-198.619003,86.567566,
384.615479,-198.557373,86.405182,
384.812195,-198.490204,86.263504,
385.074036,-198.424393,86.156395,
385.392181,-198.430450,86.024391,
385.736664,-198.515884,85.832153,
386.000519,-198.620041,85.680679,
386.255402,-198.715775,85.554878,
386.513916,-198.824783,85.428116,
386.733490,-198.944916,85.285324,
386.940247,-199.067871,85.151649,
387.146332,-199.177643,85.041084,
387.292358,-199.254745,84.928368,
387.396332,-199.314606,84.814316,
387.505249,-199.337524,84.702591,
387.577881,-199.401840,84.572289,
387.659912,-199.524429,84.470505,
387.780426,-199.645157,84.438179,
387.893646,-199.824188,84.350517,
388.030731,-200.032944,84.261703,
388.205872,-200.211349,84.260292,
388.331879,-200.376938,84.219009,
388.303040,-200.411758,84.149147,
388.319397,-200.458328,84.150032,
388.428528,-200.604736,84.193542,
388.544800,-200.814133,84.222290,
388.655640,-201.073792,84.276428,
388.788025,-201.380661,84.300133,
388.918365,-201.639191,84.335022,
389.040588,-201.877213,84.397278,
389.169159,-202.113907,84.402763,
389.273590,-202.337570,84.431664,
389.405090,-202.529861,84.536842,
389.562775,-202.792938,84.626938,
389.793701,-203.194702,84.615448,
389.901154,-203.408127,84.634300,
389.931915,-203.501984,84.688118,
389.902679,-203.562637,84.701813,
389.806549,-203.610535,84.745407,
389.746765,-203.661667,84.802307,
389.633972,-203.663513,84.896553,
389.478333,-203.584045,84.981049,
389.380890,-203.471436,85.023895,
389.300171,-203.422714,85.054199,
389.184784,-203.298538,85.091591,
389.072845,-203.136581,85.158562,
388.989075,-203.014908,85.235146,
388.909119,-202.917770,85.285889,
388.801270,-202.811646,85.301651,
388.687103,-202.659058,85.338837,
388.606384,-202.503220,85.368752,
388.550629,-202.435959,85.392029,
388.494843,-202.457565,85.392151,
388.509827,-202.448181,85.423355,
388.527557,-202.480148,85.502251,
388.521545,-202.526871,85.552986,
388.565033,-202.532776,85.539635,
388.643188,-202.537949,85.537781,
388.699066,-202.574966,85.536064,
388.789551,-202.604004,85.503563,
388.933411,-202.663071,85.494736,
389.090668,-202.806778,85.505058,
389.251343,-202.965088,85.509956,
389.361603,-203.045731,85.505684,
389.473114,-203.081299,85.473686,
389.542328,-203.124390,85.419350,
389.588654,-203.199417,85.363800,
389.656677,-203.232574,85.361160,
389.724976,-203.271149,85.375916,
389.767212,-203.358337,85.423416,
389.842651,-203.425827,85.434158,
389.901215,-203.464279,85.367920,
389.979858,-203.516815,85.269363,
390.124939,-203.575333,85.191345,
390.274017,-203.645035,85.138062,
390.416016,-203.713638,85.081490,
390.526337,-203.783218,85.057297,
390.588562,-203.821564,85.023499,
390.692108,-203.878983,84.968971,
390.824493,-203.990128,84.942307,
390.973999,-204.172592,84.924980,
391.131195,-204.336395,84.914825,
391.256561,-204.444824,84.911133,
391.329590,-204.612930,84.962273,
391.405090,-204.808029,85.081314,
391.491791,-205.092178,85.188721,
391.629303,-205.526901,85.287308,
391.805634,-206.045792,85.421280,
391.923065,-206.448410,85.544220,
391.984497,-206.762421,85.692612,
392.032593,-207.094131,85.869743,
392.004913,-207.433517,86.110764,
391.855316,-207.734146,86.393005,
391.695129,-208.122894,86.660355,
391.604767,-208.841019,86.870216,
391.593506,-209.875961,87.045883,
391.730652,-210.910721,87.303848,
391.947540,-211.692368,87.607590,
392.026306,-212.143448,87.832169,
391.977844,-212.427902,88.028221,
391.828400,-212.593811,88.213921,
391.570587,-212.573868,88.327812,
391.248352,-212.289200,88.409775,
390.949219,-211.871750,88.394875,
390.676086,-211.515625,88.311440,
390.439972,-211.237762,88.210464,
390.308105,-210.957687,88.078552,
390.248383,-210.585663,87.933418,
390.164795,-210.028580,87.739716,
390.079498,-209.265945,87.481789,
389.991150,-208.498138,87.261673,
389.866913,-208.047684,87.116463,
389.747528,-208.030548,87.020142,
389.662292,-208.184998,86.986404,
389.557556,-208.334808,87.007393,
389.430420,-208.571503,87.059441,
