-21.620872497558594,6.393723487854004,95.38551330566406
-21.617412567138672,6.39294958114624,95.38838195800781
-21.61117172241211,6.3960862159729,95.39038848876953
-21.60976791381836,6.4032087326049805,95.39146423339844
-21.611072540283203,6.411337852478027,95.39157104492188
-21.61208724975586,6.418127059936523,95.39134979248047
-21.614154815673828,6.42307186126709,95.39132690429688
-21.619632720947266,6.427795886993408,95.39161682128906
-21.624759674072266,6.434638977050781,95.39226531982422
-21.628482818603516,6.444488525390625,95.3928451538086
-21.632549285888672,6.454155921936035,95.39324951171875
-21.634857177734375,6.462843418121338,95.39412689208984
-21.64092445373535,6.469890594482422,95.39492797851562
-21.64810562133789,6.473705291748047,95.3957748413086
-21.654739379882812,6.474714279174805,95.396728515625
-21.661361694335938,6.4767165184021,95.39752960205078
-21.6651611328125,6.477452754974365,95.39966583251953
-21.665691375732422,6.473769187927246,95.40393829345703
-21.667224884033203,6.464771747589111,95.4091796875
-21.66796112060547,6.451230525970459,95.41436004638672
-21.668949127197266,6.43656587600708,95.41896057128906
-21.670028686523438,6.4297919273376465,95.42152404785156
-21.671546936035156,6.425942420959473,95.42288208007812
-21.673053741455078,6.4192376136779785,95.4231948852539
-21.675533294677734,6.411118030548096,95.42344665527344
-21.678667068481445,6.394394874572754,95.42463684082031
-21.685592651367188,6.3743815422058105,95.42640686035156
-21.693004608154297,6.3556036949157715,95.42933654785156
-21.70223617553711,6.343585014343262,95.43336486816406
-21.710285186767578,6.33899450302124,95.43858337402344
-21.71586036682129,6.338423252105713,95.44439697265625
-21.722801208496094,6.338991165161133,95.45026397705078
-21.736225128173828,6.337215900421143,95.45536041259766
-21.744766235351562,6.336772441864014,95.45890045166016
-21.746278762817383,6.338328838348389,95.46123504638672
-21.739028930664062,6.345799922943115,95.46351623535156
-21.72905731201172,6.35994815826416,95.46553802490234
-21.724863052368164,6.381709575653076,95.46672058105469
-21.724384307861328,6.408699989318848,95.46693420410156
-21.727237701416016,6.437567710876465,95.4666519165039
-21.725875854492188,6.46221399307251,95.46711730957031
-21.725173950195312,6.479990482330322,95.46864318847656
-21.724231719970703,6.493913173675537,95.47079467773438
-21.724361419677734,6.503387451171875,95.47265625
-21.730358123779297,6.5121049880981445,95.47418212890625
-21.73582649230957,6.524960517883301,95.47354125976562
-21.743553161621094,6.546367168426514,95.470947265625
-21.749298095703125,6.5678486824035645,95.46717834472656
-21.75900650024414,6.5907135009765625,95.46300506591797
-21.771284103393555,6.613563060760498,95.45936584472656
-21.780616760253906,6.6349592208862305,95.45625305175781
-21.78533935546875,6.658937454223633,95.45332336425781
-21.78878402709961,6.682489395141602,95.45063018798828
-21.787822723388672,6.702579021453857,95.44966125488281
-21.78229522705078,6.72161865234375,95.4505386352539
-21.7777099609375,6.739900588989258,95.45238494873047
-21.772132873535156,6.754790782928467,95.45423126220703
-21.76736831665039,6.764188289642334,95.45527648925781
-21.76474380493164,6.76999568939209,95.45567321777344
-21.764108657836914,6.776944637298584,95.4549331665039
-21.768348693847656,6.786532878875732,95.45378875732422
-21.769882202148438,6.796622276306152,95.45256805419922
-21.769046783447266,6.807712554931641,95.45236206054688
-21.768259048461914,6.818907737731934,95.45283508300781
-21.770706176757812,6.829544544219971,95.453857421875
-21.77346420288086,6.8391523361206055,95.45523071289062
-21.774394989013672,6.846724510192871,95.45626068115234
-21.776798248291016,6.8520355224609375,95.45774841308594
-21.782621383666992,6.8584675788879395,95.45930480957031
-21.78648567199707,6.86942720413208,95.46031188964844
-21.7912540435791,6.889132976531982,95.46089172363281
-21.798799514770508,6.9122724533081055,95.46075439453125
-21.807308197021484,6.931748390197754,95.46029663085938
-21.811588287353516,6.942431449890137,95.4603271484375
-21.814041137695312,6.942079544067383,95.46136474609375
-21.812938690185547,6.934334754943848,95.4634017944336
-21.809240341186523,6.933452606201172,95.4657974243164
-21.80845832824707,6.946055889129639,95.46712493896484
-21.808860778808594,6.967604637145996,95.4678955078125
-21.813583374023438,6.991244792938232,95.46823120117188
-21.817584991455078,7.0175933837890625,95.46691131591797
-21.820354461669922,7.03529691696167,95.46568298339844
-21.82219886779785,7.040852069854736,95.46562957763672
-21.826335906982422,7.042614459991455,95.46614074707031
-21.826343536376953,7.0504302978515625,95.46724700927734
-21.826557159423828,7.0662946701049805,95.46839141845703
-21.825239181518555,7.086269378662109,95.46952819824219
-21.82426643371582,7.11014461517334,95.46952056884766
-21.826923370361328,7.136364936828613,95.46810150146484
-21.82874298095703,7.16299295425415,95.46532440185547
-21.831920623779297,7.184391021728516,95.4620361328125
-21.83104705810547,7.202286243438721,95.45926666259766
-21.824321746826172,7.217655181884766,95.45806884765625
-21.816909790039062,7.224895477294922,95.45919036865234
-21.811534881591797,7.22283411026001,95.46223449707031
-21.81157112121582,7.215013027191162,95.46609497070312
-21.812023162841797,7.204160690307617,95.47003173828125
-21.811870574951172,7.184811592102051,95.47437286376953
-21.814815521240234,7.170312881469727,95.47651672363281
-21.817930221557617,7.156696319580078,95.4778823852539
-21.822715759277344,7.145875453948975,95.47901916503906
-21.82750701904297,7.143577575683594,95.47938537597656
-21.83161735534668,7.150701522827148,95.47904968261719
-21.83104133605957,7.164955139160156,95.4792709350586
-21.82685089111328,7.177972316741943,95.48048400878906
-21.82350730895996,7.185476779937744,95.48312377929688
-21.819046020507812,7.184435844421387,95.48649597167969
-21.81633758544922,7.17936372756958,95.489501953125
-21.815902709960938,7.177687168121338,95.49100494384766
-21.817821502685547,7.1817626953125,95.49200439453125
-21.82082748413086,7.1962714195251465,95.49170684814453
-21.825634002685547,7.2140936851501465,95.49178314208984
-21.830167770385742,7.231412410736084,95.49237823486328
-21.833580017089844,7.2480788230896,95.49329376220703
-21.83187484741211,7.264947891235352,95.49388885498047
-21.826942443847656,7.281972408294678,95.49419403076172
-21.818309783935547,7.29862642288208,95.49533081054688
-21.80722427368164,7.31260347366333,95.49757385253906
-21.79939079284668,7.322697162628174,95.49976348876953
-21.796932220458984,7.33168363571167,95.50153350830078
-21.794673919677734,7.342159748077393,95.50305938720703
-21.793472290039062,7.352938652038574,95.50408935546875
-21.793773651123047,7.369098663330078,95.50342559814453
-21.79326629638672,7.391634941101074,95.50130462646484
-21.79256820678711,7.415464878082275,95.49835205078125
-21.798107147216797,7.4411234855651855,95.49618530273438
-21.806110382080078,7.468181610107422,95.49444580078125
-21.812408447265625,7.493246555328369,95.49308776855469
-21.814678192138672,7.521266937255859,95.49109649658203
-21.820037841796875,7.546722412109375,95.48921203613281
-21.824487686157227,7.563817977905273,95.48925018310547
-21.82503890991211,7.5787177085876465,95.49082946777344
-21.825069427490234,7.595213413238525,95.49266052246094
-21.82459831237793,7.614604473114014,95.49406433105469
-21.824871063232422,7.6363043785095215,95.49540710449219
-21.820484161376953,7.660030364990234,95.4967269897461
-21.812570571899414,7.678866386413574,95.49778747558594
-21.806262969970703,7.689143180847168,95.49857330322266
-21.80190658569336,7.696194171905518,95.49916076660156
-21.798233032226562,7.701492786407471,95.49942779541016
-21.795656204223633,7.705254554748535,95.49951171875
-21.797561645507812,7.712984561920166,95.49928283691406
-21.80435562133789,7.72401762008667,95.4998550415039
-21.81206512451172,7.733312129974365,95.50088500976562
-21.819332122802734,7.737157821655273,95.50269317626953
-21.8242130279541,7.738764762878418,95.50496673583984
-21.82958221435547,7.742602348327637,95.50719451904297
-21.829334259033203,7.754658222198486,95.50931549072266
-21.828725814819336,7.772472381591797,95.5115737915039
-21.82617950439453,7.792107105255127,95.51386260986328
-21.82263946533203,7.807394027709961,95.5170669555664
-21.81884002685547,7.815948963165283,95.52080535888672
-21.81759262084961,7.819985866546631,95.52423095703125
-21.817474365234375,7.8229899406433105,95.52706909179688
-21.818408966064453,7.832228660583496,95.52928924560547
-21.816734313964844,7.847912311553955,95.53138732910156
-21.81850814819336,7.86686897277832,95.53341674804688
-21.823741912841797,7.883421421051025,95.5352783203125
-21.829069137573242,7.895637035369873,95.53742218017578
-21.83293914794922,7.905610084533691,95.53990936279297
-21.834043502807617,7.911309719085693,95.54252624511719
-21.831207275390625,7.915038108825684,95.54573059082031
-21.829261779785156,7.923611640930176,95.54835510253906
-21.827898025512695,7.933831214904785,95.55082702636719
-21.826107025146484,7.944372653961182,95.55282592773438
-21.825458526611328,7.956288814544678,95.5542984008789
-21.821950912475586,7.9630937576293945,95.55651092529297
-21.817169189453125,7.963637351989746,95.55982208251953
-21.809650421142578,7.95605993270874,95.56441497802734
-21.804920196533203,7.940992832183838,95.5707015991211
-21.799190521240234,7.921282768249512,95.57760620117188
-21.79845428466797,7.896539211273193,95.58535766601562
-21.80075454711914,7.8814215660095215,95.5912094116211
-21.80835723876953,7.875768184661865,95.59408569335938
-21.815444946289062,7.867049217224121,95.59591674804688
-21.821035385131836,7.8547749519348145,95.59751892089844
-21.821971893310547,7.848972320556641,95.59809875488281
-21.811813354492188,7.851011276245117,95.59839630126953
-21.792388916015625,7.854522228240967,95.59963989257812
-21.768909454345703,7.859857082366943,95.60159301757812
-21.742145538330078,7.8619794845581055,95.60466766357422
-21.71288299560547,7.865669250488281,95.60720825195312
-21.689067840576172,7.868291854858398,95.60899353027344
-21.670719146728516,7.871157646179199,95.61094665527344
-21.656740188598633,7.875035762786865,95.61244201660156
-21.643577575683594,7.879586219787598,95.61334228515625
-21.628276824951172,7.883105754852295,95.61470031738281
-21.605632781982422,7.882948398590088,95.6165542602539
-21.575660705566406,7.8827009201049805,95.61823272705078
-21.53902244567871,7.8870062828063965,95.61860656738281
-21.499305725097656,7.898573875427246,95.61804962158203
-21.467721939086914,7.914320945739746,95.61734771728516
-21.443927764892578,7.931447505950928,95.61708068847656
-21.41826057434082,7.952117919921875,95.61676788330078
-21.39261245727539,7.970322608947754,95.6160659790039
-21.370563507080078,7.991209983825684,95.61518859863281
-21.358806610107422,8.021100044250488,95.61465454101562
-21.34498405456543,8.058321952819824,95.6159439086914
-21.331939697265625,8.085498809814453,95.62271881103516
-21.31964111328125,8.10705852508545,95.63529205322266
-21.334575653076172,8.126989364624023,95.6510238647461
-21.396116256713867,8.150519371032715,95.66651916503906
-21.47957992553711,8.183112144470215,95.67890167236328
-21.566509246826172,8.225399017333984,95.68596649169922
-21.652698516845703,8.267934799194336,95.68821716308594
-21.74213981628418,8.312276840209961,95.68824005126953
-21.864023208618164,8.36065673828125,95.68627166748047
-22.00576400756836,8.414276123046875,95.68486022949219
-22.16201400756836,8.470536231994629,95.68649291992188
-22.315900802612305,8.515725135803223,95.69204711914062
-22.479995727539062,8.553910255432129,95.70449829101562
-22.665359497070312,8.582221031188965,95.7258071899414
-22.872705459594727,8.586954116821289,95.7541732788086
-23.106605529785156,8.56214427947998,95.78778839111328
-23.366771697998047,8.525431632995605,95.82089233398438
-23.641176223754883,8.48849105834961,95.84778594970703
-23.923643112182617,8.45136547088623,95.86752319335938
-24.232921600341797,8.402650833129883,95.88417053222656
-24.593996047973633,8.339189529418945,95.90372467041016
-25.034221649169922,8.272233963012695,95.93055725097656
-25.568485260009766,8.22569465637207,95.96686553955078
-26.16926383972168,8.207035064697266,96.01116943359375
-26.815595626831055,8.221611022949219,96.06304931640625
-27.48777198791504,8.26091480255127,96.12181091308594
-28.190799713134766,8.313393592834473,96.18943786621094
-28.944164276123047,8.373422622680664,96.27018737792969
-29.756084442138672,8.44079303741455,96.36874389648438
-30.635540008544922,8.51817798614502,96.49099731445312
-31.571041107177734,8.608829498291016,96.63846588134766
-32.563758850097656,8.703357696533203,96.8154525756836
-33.60184097290039,8.789324760437012,97.02349853515625
-34.690494537353516,8.868234634399414,97.26506042480469
-35.82433319091797,8.944010734558105,97.54051971435547
-37.0086669921875,9.034265518188477,97.85053253173828
-38.2335205078125,9.138039588928223,98.19233703613281
-39.51078414916992,9.259163856506348,98.57190704345703
-40.83753204345703,9.400442123413086,98.9936752319336
-42.20613098144531,9.563122749328613,99.46212005615234
-43.6072998046875,9.74221134185791,99.97765350341797
-45.03713607788086,9.93871784210205,100.54214477539062
-46.50059509277344,10.151656150817871,101.15840148925781
-47.99382400512695,10.370058059692383,101.83060455322266
-49.50807189941406,10.587332725524902,102.55973815917969
-51.03402328491211,10.802005767822266,103.34407043457031
-52.555484771728516,11.022921562194824,104.17911529541016
-54.072879791259766,11.2529935836792,105.06230926513672
-55.580684661865234,11.493094444274902,105.98831939697266
-57.08401107788086,11.731122970581055,106.96131896972656
-58.5831184387207,11.954876899719238,107.98384857177734
-60.07386779785156,12.175023078918457,109.05206298828125
-61.550968170166016,12.396212577819824,110.16673278808594
-63.007083892822266,12.614925384521484,111.32588195800781
-64.43563842773438,12.828392028808594,112.52286529541016
-65.83128356933594,13.036763191223145,113.75714111328125
-67.18759155273438,13.240495681762695,115.0254135131836
-68.503173828125,13.441283226013184,116.3231201171875
-69.78486633300781,13.639362335205078,117.65907287597656
-71.02945709228516,13.827049255371094,119.03291320800781
-72.23210906982422,14.015563011169434,120.43931579589844
-73.38888549804688,14.213031768798828,121.87418365478516
-74.49375915527344,14.413834571838379,123.32492065429688
-75.54296875,14.6129732131958,124.7802505493164
-76.53421020507812,14.799355506896973,126.2385482788086
-77.47745513916016,14.978517532348633,127.70018768310547
-78.37177276611328,15.153688430786133,129.15737915039062
-79.2186050415039,15.331490516662598,130.6015167236328
-80.01367950439453,15.51166820526123,132.0322265625
-80.75630187988281,15.679265975952148,133.44198608398438
-81.4488754272461,15.843279838562012,134.83558654785156
-82.08489990234375,16.00666046142578,136.20492553710938
-82.66426086425781,16.16745948791504,137.5345001220703
-83.18658447265625,16.326427459716797,138.818603515625
-83.6539306640625,16.48126983642578,140.05531311035156
-84.06822967529297,16.611209869384766,141.22909545898438
-84.4400405883789,16.710525512695312,142.34669494628906
-84.77406311035156,16.792282104492188,143.40557861328125
-85.07817077636719,16.866138458251953,144.42138671875
-85.34969329833984,16.939233779907227,145.3812255859375
-85.59432983398438,17.01866340637207,146.28089904785156
-85.81268310546875,17.100603103637695,147.09596252441406
-86.01033782958984,17.16458511352539,147.83389282226562
-86.19050598144531,17.198732376098633,148.50836181640625
-86.35559844970703,17.211833953857422,149.1446075439453
-86.50116729736328,17.212812423706055,149.75006103515625
-86.62425994873047,17.218381881713867,150.32742309570312
-86.71748352050781,17.244598388671875,150.8612518310547
-86.78431701660156,17.284221649169922,151.34249877929688
-86.83419036865234,17.323244094848633,151.76571655273438
-86.8730697631836,17.33955955505371,152.14691162109375
-86.91033172607422,17.31905174255371,152.4984893798828
-86.94757080078125,17.264690399169922,152.82241821289062
-86.98178100585938,17.203264236450195,153.13099670410156
-87.01142883300781,17.158634185791016,153.42779541015625
-87.03221130371094,17.14893341064453,153.69029235839844
-87.04376983642578,17.176555633544922,153.90602111816406
-87.04456329345703,17.227434158325195,154.0684051513672
-87.04701232910156,17.276674270629883,154.19158935546875
-87.05835723876953,17.290285110473633,154.3013916015625
-87.08304595947266,17.25593376159668,154.4089813232422
-87.11228942871094,17.183149337768555,154.51455688476562
-87.14063262939453,17.117488861083984,154.62033081054688
-87.16194152832031,17.077125549316406,154.70944213867188
-87.17788696289062,17.055500030517578,154.77366638183594
-87.19718170166016,17.035497665405273,154.82325744628906
-87.21768188476562,17.005069732666016,154.8634490966797
-87.23825073242188,16.964733123779297,154.90478515625
-87.2625732421875,16.921281814575195,154.94813537597656
-87.28565216064453,16.890949249267578,154.99330139160156
-87.30976104736328,16.88036346435547,155.04104614257812
-87.33564758300781,16.8790340423584,155.08349609375
-87.35955810546875,16.875690460205078,155.1088104248047
-87.38032531738281,16.862668991088867,155.12265014648438
-87.39665985107422,16.840328216552734,155.13002014160156
-87.40840148925781,16.81827163696289,155.13262939453125
-87.41835021972656,16.792312622070312,155.1289520263672
-87.42998504638672,16.755069732666016,155.1190185546875
-87.44508361816406,16.706819534301758,155.10983276367188
-87.4649658203125,16.6466121673584,155.1018524169922
-87.4828872680664,16.578031539916992,155.09324645996094
-87.49604034423828,16.514808654785156,155.08116149902344
-87.50213623046875,16.459449768066406,155.06411743164062
-87.50524139404297,16.422466278076172,155.04827880859375
-87.5086441040039,16.399263381958008,155.0375518798828
-87.51544952392578,16.379432678222656,155.03489685058594
-87.52235412597656,16.352243423461914,155.0328826904297
-87.52983093261719,16.305307388305664,155.02365112304688
-87.53627014160156,16.246566772460938,155.0085906982422
-87.54254150390625,16.177871704101562,154.9976806640625
-87.54337310791016,16.109710693359375,154.9912109375
-87.54032897949219,16.05793571472168,154.98590087890625
-87.53327941894531,16.027204513549805,154.97817993164062
-87.52742767333984,16.015483856201172,154.96754455566406
-87.52313995361328,16.0097599029541,154.9605712890625
-87.52310943603516,15.987335205078125,154.9608917236328
-87.52584838867188,15.943687438964844,154.96852111816406
-87.52957153320312,15.891632080078125,154.98170471191406
-87.53045654296875,15.850669860839844,154.99342346191406
-87.52310943603516,15.827984809875488,155.0013427734375
-87.51449584960938,15.820211410522461,155.01243591308594
-87.51016235351562,15.811863899230957,155.02906799316406
-87.5103530883789,15.790282249450684,155.04432678222656
-87.51470184326172,15.756349563598633,155.05560302734375
-87.52310180664062,15.718476295471191,155.06646728515625
-87.53253173828125,15.686162948608398,155.07701110839844
-87.53852081298828,15.6537504196167,155.08995056152344
-87.54240417480469,15.625410079956055,155.10289001464844
-87.54421997070312,15.612174987792969,155.1150360107422
-87.54295349121094,15.605233192443848,155.1290740966797
-87.53730010986328,15.590897560119629,155.1464080810547
-87.53535461425781,15.567757606506348,155.16697692871094
-87.53398132324219,15.53845500946045,155.19325256347656
-87.53562927246094,15.507372856140137,155.2235565185547
-87.5425033569336,15.481328964233398,155.25291442871094
-87.55238342285156,15.455915451049805,155.28292846679688
-87.56197357177734,15.430153846740723,155.31588745117188
-87.56787109375,15.413884162902832,155.3473358154297
-87.56641387939453,15.410008430480957,155.37864685058594
-87.56096649169922,15.4136381149292,155.40756225585938
-87.5547866821289,15.414603233337402,155.43223571777344
-87.54537963867188,15.412644386291504,155.4486846923828
-87.53485107421875,15.4060640335083,155.45594787597656
-87.52230834960938,15.389445304870605,155.45584106445312
-87.51417541503906,15.361698150634766,155.45159912109375
-87.5102310180664,15.32793140411377,155.4470977783203
-87.51045227050781,15.304224014282227,155.43780517578125
-87.50678253173828,15.297576904296875,155.4176483154297
-87.49954223632812,15.310025215148926,155.38653564453125
-87.48953247070312,15.33302116394043,155.34751892089844
-87.48379516601562,15.351480484008789,155.3062286376953
-87.48035430908203,15.352876663208008,155.26927185058594
-87.4802474975586,15.337273597717285,155.2405548095703
-87.47753143310547,15.322611808776855,155.22181701660156
-87.4686279296875,15.320606231689453,155.20596313476562
-87.45821380615234,15.336459159851074,155.19012451171875
-87.44657897949219,15.35861587524414,155.1736297607422
-87.43888854980469,15.373479843139648,155.15858459472656
-87.43820190429688,15.377852439880371,155.14669799804688
-87.44049072265625,15.376286506652832,155.1382598876953
-87.4461669921875,15.372852325439453,155.13250732421875
-87.45008087158203,15.37304401397705,155.12820434570312
-87.45402526855469,15.3812894821167,155.12327575683594
-87.45854949951172,15.395906448364258,155.122314453125
-87.46627807617188,15.41439437866211,155.12820434570312
-87.4736099243164,15.431636810302734,155.13990783691406
-87.4842300415039,15.440136909484863,155.157470703125
-87.49343872070312,15.438091278076172,155.18055725097656
-87.50130462646484,15.422805786132812,155.20933532714844
-87.50579833984375,15.403397560119629,155.23841857910156
-87.5072021484375,15.387187957763672,155.2642822265625
-87.50800323486328,15.374090194702148,155.28404235839844
-87.50883483886719,15.363444328308105,155.29620361328125
-87.51026916503906,15.351628303527832,155.3092041015625
-87.50881958007812,15.338984489440918,155.32559204101562
-87.50691986083984,15.326191902160645,155.3434600830078
-87.50225830078125,15.310646057128906,155.36085510253906
-87.49812316894531,15.290851593017578,155.37478637695312
-87.49372863769531,15.266172409057617,155.385498046875
-87.49076080322266,15.23947525024414,155.39471435546875
-87.48902130126953,15.216039657592773,155.40492248535156
-87.48704528808594,15.195046424865723,155.4167022705078
-87.4856185913086,15.18254280090332,155.4297637939453
-87.48478698730469,15.179277420043945,155.4412078857422
-87.48561096191406,15.17625617980957,155.45504760742188
-87.48716735839844,15.160866737365723,155.47238159179688
-87.48796844482422,15.139599800109863,155.48851013183594
-87.49022674560547,15.12255573272705,155.5006866455078
-87.49327087402344,15.1093111038208,155.5106201171875
-87.49706268310547,15.09995174407959,155.5196533203125
-87.49938201904297,15.094240188598633,155.52786254882812
-87.5001449584961,15.087552070617676,155.53787231445312
-87.50184631347656,15.07633113861084,155.5540008544922
-87.50739288330078,15.069540977478027,155.57757568359375
-87.5119857788086,15.06755542755127,155.60362243652344
-87.51148223876953,15.06765365600586,155.62400817871094
-87.51239013671875,15.076881408691406,155.63673400878906
-87.51007843017578,15.084443092346191,155.6502685546875
-87.50703430175781,15.084968566894531,155.66854858398438
-87.50933837890625,15.082184791564941,155.69235229492188
-87.51343536376953,15.083597183227539,155.71885681152344
-87.51622009277344,15.082427024841309,155.745849609375
-87.51933288574219,15.081198692321777,155.76571655273438
-87.51902770996094,15.078579902648926,155.7812957763672
-87.51952362060547,15.076303482055664,155.7948455810547
-87.51885223388672,15.07893180847168,155.80752563476562
-87.52040100097656,15.083029747009277,155.81903076171875
-87.52304077148438,15.080798149108887,155.82949829101562
-87.52549743652344,15.069193840026855,155.84141540527344
-87.52772521972656,15.05608081817627,155.8555145263672
-87.52594757080078,15.043286323547363,155.86883544921875
-87.5187759399414,15.03426456451416,155.87449645996094
-87.5113525390625,15.034062385559082,155.87313842773438
-87.5048828125,15.039031028747559,155.86895751953125
-87.49728393554688,15.043743133544922,155.8665008544922
-87.4930191040039,15.041333198547363,155.86773681640625
-87.49370574951172,15.034307479858398,155.87498474121094
-87.49411010742188,15.031458854675293,155.8836669921875
-87.49227142333984,15.032552719116211,155.88902282714844
-87.48560333251953,15.039530754089355,155.89170837402344
-87.48033142089844,15.044476509094238,155.8892364501953
-87.47571563720703,15.04352855682373,155.87698364257812
-87.46867370605469,15.039363861083984,155.8574981689453
-87.46247100830078,15.033671379089355,155.83787536621094
-87.45864868164062,15.019706726074219,155.82066345214844
-87.45561981201172,15.002665519714355,155.80833435058594
-87.45252227783203,14.989014625549316,155.79830932617188
-87.4506607055664,14.98310661315918,155.78985595703125
-87.44795227050781,14.983525276184082,155.77963256835938
-87.44601440429688,14.988734245300293,155.7677001953125
-87.44293212890625,14.993094444274902,155.75851440429688
-87.4368896484375,14.98528003692627,155.75241088867188
-87.4300537109375,14.961450576782227,155.7493896484375
-87.4243392944336,14.932754516601562,155.74786376953125
-87.4181900024414,14.907062530517578,155.7440948486328
-87.40818786621094,14.892036437988281,155.73110961914062
-87.39529418945312,14.88386344909668,155.7045440673828
-87.38014221191406,14.876315116882324,155.66714477539062
-87.36663055419922,14.860733032226562,155.62022399902344
-87.35262298583984,14.828636169433594,155.5621795654297
-87.33869934082031,14.77979564666748,155.48556518554688
-87.32421875,14.715542793273926,155.38497924804688
-87.31048583984375,14.642594337463379,155.25901794433594
-87.29531860351562,14.565657615661621,155.10252380371094
-87.26836395263672,14.486580848693848,154.9127960205078
-87.23182678222656,14.391700744628906,154.6895751953125
-87.18894958496094,14.271194458007812,154.42648315429688
-87.13578033447266,14.11496639251709,154.11514282226562
-87.07395935058594,13.928051948547363,153.74978637695312
-87.0052490234375,13.713661193847656,153.32676696777344
-86.92013549804688,13.485026359558105,152.85719299316406
-86.80990600585938,13.252195358276367,152.3416290283203
-86.6743392944336,13.020103454589844,151.77584838867188
-86.51692199707031,12.796903610229492,151.14547729492188
-86.34458923339844,12.5762300491333,150.45921325683594
-86.16141510009766,12.337114334106445,149.7202606201172
-85.9643783569336,12.061562538146973,148.9141082763672
-85.74176025390625,11.754339218139648,148.03419494628906
-85.48709106445312,11.431282997131348,147.076416015625
-85.20216369628906,11.120832443237305,146.0765838623047
-84.89705657958984,10.821196556091309,145.0452880859375
-84.5723648071289,10.518763542175293,143.9545440673828
-84.2181396484375,10.205917358398438,142.78689575195312
-83.830322265625,9.902682304382324,141.56048583984375
-83.41014099121094,9.616096496582031,140.29893493652344
-82.94944763183594,9.328621864318848,139.0000457763672
-82.44851684570312,9.062803268432617,137.6833953857422
-81.90916442871094,8.838850975036621,136.35462951660156
-81.3183822631836,8.654483795166016,135.03240966796875
-80.67668914794922,8.493902206420898,133.70037841796875
-79.96263122558594,8.296040534973145,132.2897186279297
-79.18490600585938,8.055770874023438,130.84617614746094
-78.3511734008789,7.787939071655273,129.37400817871094
-77.46430969238281,7.5180768966674805,127.89071655273438
-76.54629516601562,7.245212554931641,126.43034362792969
-75.60746002197266,6.968459129333496,125.0149154663086
-74.61686706542969,6.753045558929443,123.62088775634766
-73.56413269042969,6.630661487579346,122.23674774169922
-72.46864318847656,6.575979232788086,120.84642028808594
-71.33917236328125,6.488007545471191,119.4346923828125
-70.18707275390625,6.306195259094238,118.01876068115234
-69.02970886230469,6.052401065826416,116.64433288574219
-67.883056640625,5.780040740966797,115.33534240722656
-66.73665618896484,5.54732084274292,114.09317016601562
-65.54436492919922,5.367763042449951,112.8893051147461
-64.3058853149414,5.220433712005615,111.72305297851562
-63.05898666381836,5.095897674560547,110.60316467285156
-61.807403564453125,4.979586124420166,109.52037048339844
-60.53940200805664,4.853901386260986,108.45870208740234
-59.26287841796875,4.7109808921813965,107.43730163574219
-57.98486328125,4.598083019256592,106.48278045654297
-56.67841339111328,4.567582607269287,105.57685089111328
-55.33659744262695,4.6004958152771,104.69319152832031
-53.99788284301758,4.638341903686523,103.83101654052734
-52.696449279785156,4.63456916809082,102.99516296386719
-51.44794845581055,4.5334649085998535,102.18155670166016
-50.19907760620117,4.3219146728515625,101.45781707763672
-49.018638610839844,3.993443489074707,100.78551483154297
-47.90235900878906,3.601728916168213,100.1759262084961
-46.85248565673828,3.2280635833740234,99.63648223876953
-45.81862258911133,2.9906342029571533,99.150146484375
-44.73931884765625,2.9612207412719727,98.6865463256836
-43.59385299682617,3.0907535552978516,98.235595703125
-42.41933822631836,3.2828257083892822,97.81452178955078
-41.2701416015625,3.4713120460510254,97.4399185180664
-40.19034194946289,3.5991392135620117,97.11442565917969
-39.220672607421875,3.623750925064087,96.83277130126953
-38.397438049316406,3.5270092487335205,96.5897445678711
-37.70188903808594,3.351672410964966,96.3764419555664
-37.08811950683594,3.1612231731414795,96.18067932128906
-36.50578308105469,3.0419487953186035,95.9893798828125
-35.906009674072266,3.043442487716675,95.79955291748047
-35.28593063354492,3.164841651916504,95.61687469482422
-34.671356201171875,3.3733015060424805,95.45061492919922
-34.08816146850586,3.6152846813201904,95.30571746826172
-33.56119918823242,3.844130754470825,95.18562316894531
-33.097496032714844,4.035079479217529,95.08785247802734
-32.69786834716797,4.1862053871154785,95.00669860839844
-32.36431121826172,4.301303386688232,94.93852233886719
-32.083229064941406,4.3847880363464355,94.88079833984375
-31.884315490722656,4.4523725509643555,94.83690643310547
-31.7540340423584,4.527664661407471,94.80391693115234
-31.681682586669922,4.623269081115723,94.7794189453125
-31.655284881591797,4.734349727630615,94.76139068603516
-31.666545867919922,4.865472316741943,94.74967956542969
-31.697717666625977,5.033570766448975,94.740234375
-31.74510955810547,5.233160495758057,94.73550415039062
-31.79779052734375,5.433269500732422,94.73931121826172
-31.856117248535156,5.614821910858154,94.75222778320312
-31.90564727783203,5.763119697570801,94.77423858642578
-31.95773696899414,5.871458053588867,94.8031234741211
-32.02001190185547,5.938504695892334,94.83866882324219
-32.12192916870117,5.96680212020874,94.87793731689453
-32.27286148071289,5.955844402313232,94.91788482666016
-32.455318450927734,5.9255452156066895,94.95631408691406
-32.6474609375,5.893758296966553,94.991943359375
-32.8475227355957,5.88248348236084,95.02320098876953
-33.053672790527344,5.89619255065918,95.05327606201172
-33.266666412353516,5.926712512969971,95.08277130126953
-33.49089431762695,5.976264476776123,95.11151885986328
-33.732269287109375,6.045238494873047,95.13863372802734
-33.980804443359375,6.121728897094727,95.16294860839844
-34.224029541015625,6.183382987976074,95.18585205078125
-34.459625244140625,6.2234697341918945,95.20550537109375
-34.681861877441406,6.254336833953857,95.22367095947266
-34.879703521728516,6.286277770996094,95.24226379394531
-35.06898498535156,6.3183722496032715,95.26177215576172
-35.250614166259766,6.365226745605469,95.28385162353516
-35.43321990966797,6.41869592666626,95.310546875
-35.62297058105469,6.46052885055542,95.3436050415039
-35.821964263916016,6.4818644523620605,95.3826675415039
-36.01340103149414,6.476109981536865,95.42623901367188
-36.17128372192383,6.4417619705200195,95.47479248046875
-36.2830924987793,6.373101234436035,95.52764892578125
-36.363582611083984,6.263685703277588,95.58445739746094
-36.42359161376953,6.136660099029541,95.64633178710938
-36.454368591308594,6.0227437019348145,95.70861053466797
-36.465972900390625,5.918747901916504,95.76863098144531
-36.46438217163086,5.817873954772949,95.82628631591797
-36.463623046875,5.707742214202881,95.88372039794922
-36.46843719482422,5.583909034729004,95.9413833618164
-36.45212936401367,5.460225582122803,95.9978256225586
-36.408531188964844,5.337267875671387,96.05147552490234
-36.359832763671875,5.200247287750244,96.09957885742188
-36.313026428222656,5.0345869064331055,96.14283752441406
-36.274322509765625,4.828427791595459,96.18192291259766
-36.24243927001953,4.581599235534668,96.21917724609375
-36.195438385009766,4.320594787597656,96.25439453125
-36.1317138671875,4.0671515464782715,96.28751373291016
-36.07499694824219,3.808882236480713,96.32122802734375
-36.02589416503906,3.532785415649414,96.35546875
-35.968536376953125,3.237886428833008,96.38652801513672
-35.89142990112305,2.898693084716797,96.40946960449219
-35.782310485839844,2.536268711090088,96.4197998046875
-35.640708923339844,2.1892786026000977,96.40890502929688
-35.48756790161133,1.8389555215835571,96.37168884277344
-35.31520080566406,1.496808648109436,96.31015014648438
-35.15769958496094,1.1637297868728638,96.22987365722656
-35.04548645019531,0.828008234500885,96.13294219970703
-34.996341705322266,0.4945874810218811,96.02291107177734
-34.93193817138672,0.45214587450027466,96.12039184570312
-34.91071319580078,0.43037179112434387,96.2139663696289
-34.938472747802734,0.48271989822387695,96.30908203125
-35.006309509277344,0.6437685489654541,96.40856170654297
-35.09601974487305,0.9041776657104492,96.50831604003906
-35.177886962890625,1.2040555477142334,96.61409759521484
-35.23134994506836,1.4807229042053223,96.74188232421875
-35.22409439086914,1.616021990776062,96.9020004272461
-35.13181686401367,1.5565015077590942,97.09171295166016
-34.991695404052734,1.3721510171890259,97.29619598388672
-34.83130645751953,1.212556004524231,97.48686218261719
-34.69340515136719,1.2610255479812622,97.646240234375
-34.63768005371094,1.6588770151138306,97.75837707519531
-34.662864685058594,2.400038003921509,97.815673828125
-34.69826126098633,3.361499547958374,97.82909393310547
-34.689292907714844,4.458660125732422,97.81079864501953
-34.62090301513672,5.65049934387207,97.7632827758789
-34.49528884887695,6.933627605438232,97.68559265136719
-34.31966781616211,8.327693939208984,97.58246612548828
-34.034873962402344,9.610992431640625,97.5146255493164
-33.69485855102539,10.450116157531738,97.5386962890625
-33.45195007324219,11.120989799499512,97.5509033203125
-33.18031311035156,11.977533340454102,97.4801254272461
-32.710533142089844,12.472969055175781,97.47821044921875
-32.13514709472656,12.71278190612793,97.52294921875
-31.593063354492188,12.923406600952148,97.5411148071289
-31.108169555664062,13.123476028442383,97.5167007446289
-30.621013641357422,13.366174697875977,97.45855712890625
-30.07382583618164,13.733305931091309,97.36903381347656
-29.452716827392578,14.236735343933105,97.2437515258789
-28.83969497680664,14.866286277770996,97.080078125
-28.291522979736328,15.633179664611816,96.87871551513672
-27.773483276367188,16.531553268432617,96.6417465209961
-27.251604080200195,17.52060317993164,96.37879943847656
-26.72941017150879,18.58251953125,96.10055541992188
-26.20539665222168,19.671598434448242,95.81122589111328
-25.71518325805664,20.777999877929688,95.51445770263672
-25.304872512817383,21.75415802001953,95.2433853149414
-25.001033782958984,22.463932037353516,95.03611755371094
-24.775211334228516,22.892913818359375,94.89742279052734
-24.57445526123047,23.07588768005371,94.8143081665039
-24.380535125732422,23.06861114501953,94.76423645019531
-24.158130645751953,22.941354751586914,94.70187377929688
-23.897262573242188,22.873321533203125,94.58480072021484
-23.62540626525879,23.0003719329834,94.38333892822266
-23.363431930541992,23.363428115844727,94.09869384765625
-23.134031295776367,23.94352149963379,93.75411224365234
-22.956119537353516,24.679874420166016,93.37150573730469
-22.813884735107422,25.43816566467285,92.98036193847656
-22.67131996154785,26.135072708129883,92.59967803955078
-22.5074520111084,26.746234893798828,92.22254180908203
-22.31540298461914,27.315990447998047,91.84008026123047
-22.11978530883789,27.86297607421875,91.47639465332031
-21.951786041259766,28.367095947265625,91.1854248046875
-21.80282974243164,28.777851104736328,90.99008178710938
-21.672870635986328,28.99993896484375,90.91995239257812
-21.578731536865234,28.985095977783203,90.99700927734375
-21.52379608154297,28.76432991027832,91.197509765625
-21.52020835876465,28.352821350097656,91.48324584960938
-21.560901641845703,27.73282814025879,91.81747436523438
-21.609865188598633,27.0128231048584,92.14606475830078
-21.638256072998047,26.326461791992188,92.4415512084961
-21.648435592651367,25.78960418701172,92.69711303710938
-21.647830963134766,25.510662078857422,92.899169921875
-21.657276153564453,25.49805450439453,93.03216552734375
-21.70921516418457,25.69600486755371,93.10649871826172
-21.815479278564453,26.055160522460938,93.12968444824219
-21.93938446044922,26.51053237915039,93.09806823730469
-22.06915283203125,26.97443389892578,93.02418518066406
-22.15829086303711,27.32941246032715,92.96755981445312
-22.20775604248047,27.457767486572266,92.98561096191406
-22.264793395996094,27.394977569580078,93.07740783691406
-22.33895492553711,27.2428035736084,93.20580291748047
-22.42007064819336,26.9522647857666,93.39570617675781
-22.519454956054688,26.368619918823242,93.69684600830078
-22.64588737487793,25.69270896911621,94.01705932617188
-22.777029037475586,25.06137466430664,94.29519653320312
-22.900005340576172,24.54164695739746,94.51918029785156
-22.982784271240234,24.195266723632812,94.6785659790039
-23.002445220947266,24.040964126586914,94.78034210205078
-22.948394775390625,24.061609268188477,94.84143829345703
-22.82345962524414,24.22539520263672,94.87721252441406
-22.626853942871094,24.53563117980957,94.89576721191406
-22.381654739379883,24.98005485534668,94.89922332763672
-22.13520622253418,25.505252838134766,94.89403533935547
-21.913070678710938,25.987346649169922,94.88987731933594
-21.7286319732666,26.317195892333984,94.90767669677734
-21.57973289489746,26.46693992614746,94.95548248291016
-21.48301887512207,26.426542282104492,95.0344009399414
-21.43880844116211,26.183889389038086,95.14714813232422
-21.39739990234375,25.76012420654297,95.28353881835938
-21.326448440551758,25.295778274536133,95.42074584960938
-21.25006675720215,24.89252471923828,95.54326629638672
-21.184154510498047,24.595314025878906,95.6462173461914
-21.14333724975586,24.433576583862305,95.7257080078125
-21.134872436523438,24.38177490234375,95.78392791748047
-21.12815284729004,24.39508056640625,95.82645416259766
-21.09429931640625,24.471311569213867,95.85108947753906
-21.047136306762695,24.604936599731445,95.86308288574219
-20.992563247680664,24.756427764892578,95.8721923828125
-20.935157775878906,24.892038345336914,95.88931274414062
-20.880722045898438,24.994686126708984,95.91609191894531
-20.835350036621094,25.07604217529297,95.95158386230469
-20.835893630981445,25.112228393554688,95.99714660644531
-20.91244125366211,25.082643508911133,96.05541229248047
-21.056568145751953,24.963420867919922,96.11632537841797
-21.24898338317871,24.755897521972656,96.17064666748047
-21.46194076538086,24.45648193359375,96.21804809570312
-21.66458511352539,24.08737564086914,96.26568603515625
-21.87230682373047,23.698585510253906,96.3187255859375
-22.112232208251953,23.32638168334961,96.37429809570312
-22.38543701171875,22.987895965576172,96.43404388427734
-22.675403594970703,22.679031372070312,96.49862670898438
-22.961029052734375,22.43152618408203,96.56735229492188
-23.209327697753906,22.300344467163086,96.63455963134766
-23.422584533691406,22.307144165039062,96.69517517089844
-23.63701629638672,22.4232177734375,96.74504089355469
-23.864036560058594,22.597759246826172,96.78076171875
-24.110504150390625,22.782651901245117,96.8028335571289
-24.386173248291016,22.97720718383789,96.80948638916016
-24.70553207397461,23.19110679626465,96.80561065673828
-25.07719612121582,23.369831085205078,96.8036880493164
-25.495363235473633,23.455673217773438,96.81634521484375
-25.95547103881836,23.432933807373047,96.84834289550781
-26.431594848632812,23.28934097290039,96.8929443359375
-26.900928497314453,23.011232376098633,96.9448471069336
-27.327077865600586,22.632923126220703,96.99433135986328
-27.674503326416016,22.21502113342285,97.0320816040039
-27.98114013671875,21.790904998779297,97.05859375
-28.276119232177734,21.379133224487305,97.06752014160156
-28.557392120361328,21.044530868530273,97.05716705322266
-28.815383911132812,20.854948043823242,97.03346252441406
-29.038654327392578,20.799957275390625,97.00003051757812
-29.22259521484375,20.894508361816406,96.95502471923828
-29.380786895751953,21.10121726989746,96.90316772460938
-29.52244758605957,21.353473663330078,96.84458923339844
-29.653663635253906,21.603700637817383,96.77238464355469
-29.776443481445312,21.789840698242188,96.69097137451172
-29.8992919921875,21.903343200683594,96.59044647216797
-30.078001022338867,21.890316009521484,96.46217346191406
-30.29548454284668,21.76162338256836,96.3059310913086
-30.76239776611328,22.237260818481445,96.27897644042969
-31.10061264038086,22.661890029907227,96.2047348022461
-31.358654022216797,22.981483459472656,96.1159439086914
-31.58892822265625,23.236980438232422,96.02429962158203
-31.6365966796875,23.354482650756836,95.94306945800781
-31.628021240234375,23.320987701416016,95.85311126708984
-31.751708984375,23.252222061157227,95.75704956054688
-32.10113525390625,23.219377517700195,95.66596221923828
-32.4641227722168,23.175146102905273,95.62313079833984
-32.868804931640625,23.17768096923828,95.54298400878906
-33.27251052856445,23.25263023376465,95.44456481933594
-33.69774627685547,23.41933822631836,95.3462905883789
-34.13005065917969,23.651397705078125,95.25939178466797
-34.54230499267578,23.897048950195312,95.1873779296875
-34.93208312988281,24.119115829467773,95.1301498413086
-35.3160285949707,24.269182205200195,95.07958221435547
-35.67420196533203,24.35468101501465,95.02445220947266
-35.991004943847656,24.396406173706055,94.9569091796875
-36.26346206665039,24.416913986206055,94.87311553955078
-36.50407409667969,24.438032150268555,94.77263641357422
-36.72941970825195,24.450265884399414,94.65614318847656
-36.937232971191406,24.506153106689453,94.51837921142578
-37.1396484375,24.650224685668945,94.35147094726562
-37.351524353027344,24.930618286132812,94.14398956298828
-37.57099151611328,25.367921829223633,93.88860321044922
-37.798038482666016,25.974699020385742,93.57392120361328
-38.109519958496094,26.45827865600586,93.32939910888672
-38.477413177490234,26.979215621948242,93.08500671386719
-38.837318420410156,27.53221893310547,92.84505462646484
-39.143653869628906,28.094995498657227,92.61338806152344
-39.440757751464844,28.655542373657227,92.3903579711914
-39.78629684448242,29.23928451538086,92.20501708984375
-40.172122955322266,29.808324813842773,92.07086181640625
-40.50825500488281,30.270492553710938,91.97162628173828
-40.76398468017578,30.57199478149414,91.90190124511719
-40.95425796508789,30.630252838134766,91.84973907470703
-41.02900695800781,30.410396575927734,91.79988098144531
-40.943904876708984,30.017179489135742,91.7417984008789
-40.77339172363281,29.610931396484375,91.67019653320312
-40.56633377075195,29.363433837890625,91.54281616210938
-40.41497039794922,29.348976135253906,91.37077331542969
-40.37672424316406,29.60804557800293,91.17890167236328
-40.444610595703125,30.07489776611328,90.97156524658203
-40.56302261352539,30.70771598815918,90.74234771728516
-40.689842224121094,31.439638137817383,90.49163818359375
-40.837242126464844,32.1786003112793,90.24388122558594
-40.96005630493164,32.82965850830078,90.0223388671875
-41.02187728881836,33.34960174560547,89.85794830322266
-41.11028289794922,33.69786834716797,89.7572250366211
-41.12368392944336,33.77763748168945,89.74588012695312
-41.59494400024414,33.6796760559082,89.74334716796875
-41.95981979370117,33.29646301269531,89.84245300292969
-42.03675842285156,32.70130157470703,90.04258728027344
-42.13703918457031,32.0479621887207,90.24333190917969
-42.336814880371094,31.47434425354004,90.39225006103516
-42.344932556152344,31.023054122924805,90.51893615722656
-42.3665771484375,30.776004791259766,90.55486297607422
-42.369903564453125,30.64727020263672,90.50311279296875
-42.230560302734375,30.60033416748047,90.38956451416016
-42.1002197265625,30.614282608032227,90.19156646728516
-42.00933074951172,30.708641052246094,89.91851806640625
-41.892024993896484,30.84764862060547,89.59304809570312
-41.82109451293945,30.98352813720703,89.21073150634766
-41.7896614074707,31.217809677124023,88.78401947021484
-41.80260467529297,31.56675910949707,88.32649993896484
-41.850914001464844,31.9520263671875,87.8751220703125
-41.93836975097656,32.19804763793945,87.48623657226562
-42.03746032714844,32.242462158203125,87.19390869140625
-42.181358337402344,32.12612533569336,87.001220703125
-42.383338928222656,31.908836364746094,86.8856201171875
-42.6324462890625,31.672834396362305,86.81678771972656
-42.86798858642578,31.383182525634766,86.8060531616211
-43.03372573852539,30.980592727661133,86.8633804321289
-43.10740661621094,30.458885192871094,86.95783233642578
-43.11115264892578,29.85038185119629,87.05268096923828
-43.052879333496094,29.18722152709961,87.1404037475586
-42.94392395019531,28.537567138671875,87.22151947021484
-42.773685455322266,27.9538631439209,87.28469848632812
-42.56461715698242,27.50535774230957,87.31080627441406
-42.38764572143555,27.25835418701172,87.27119445800781
-42.251773834228516,27.224082946777344,87.16059112548828
-42.11659622192383,27.3629207611084,87.0067367553711
-42.02334976196289,27.6514949798584,86.8336181640625
-42.016319274902344,28.0450382232666,86.6490707397461
-42.08604431152344,28.482576370239258,86.46436309814453
-42.21022415161133,28.90645980834961,86.30244445800781
-42.36098098754883,29.2499942779541,86.19224548339844
-42.4844970703125,29.48799705505371,86.17487335205078
-42.559974670410156,29.599756240844727,86.26123809814453
-42.62031555175781,29.55974769592285,86.4325180053711
-42.644073486328125,29.328710556030273,86.69266510009766
-42.63680648803711,28.904312133789062,87.03135681152344
-42.60944366455078,28.35032081604004,87.40895080566406
-42.57036590576172,27.761396408081055,87.78237915039062
-42.5511474609375,27.262435913085938,88.10098266601562
-42.53307342529297,26.897619247436523,88.35103607177734
-42.45698165893555,26.734966278076172,88.53504943847656
-42.355098724365234,26.74408721923828,88.66057586669922
-42.26548767089844,26.897064208984375,88.74183654785156
-42.23186492919922,27.112934112548828,88.80931854248047
-42.26273727416992,27.286462783813477,88.8788833618164
-42.34662628173828,27.391366958618164,88.95835876464844
-42.47385025024414,27.467073440551758,89.04745483398438
-42.597755432128906,27.52497673034668,89.1474380493164
-42.6374397277832,27.550809860229492,89.26788330078125
-42.63534164428711,27.582365036010742,89.40909576416016
-42.633201599121094,27.62943458557129,89.56844329833984
-42.616477966308594,27.67595672607422,89.74307250976562
-42.5623664855957,27.704191207885742,89.92507934570312
-42.47723388671875,27.704591751098633,90.10527038574219
-42.36747741699219,27.683002471923828,90.27765655517578
-42.25584411621094,27.663585662841797,90.43923950195312
-42.165977478027344,27.631847381591797,90.58789825439453
-42.092655181884766,27.5909366607666,90.72459411621094
-42.047760009765625,27.547834396362305,90.84551239013672
-42.02930450439453,27.51177406311035,90.94984436035156
-42.015838623046875,27.516992568969727,91.0468978881836
-42.01985549926758,27.528064727783203,91.15137481689453
-42.02579879760742,27.488698959350586,91.27789306640625
-42.01140594482422,27.347482681274414,91.43848419189453
-41.96717071533203,27.095539093017578,91.63082122802734
-41.90351104736328,26.787919998168945,91.84001922607422
-41.81824493408203,26.471817016601562,92.0532455444336
-41.7147216796875,26.181499481201172,92.26251220703125
-41.604347229003906,25.927631378173828,92.46094512939453
-41.4963264465332,25.744834899902344,92.63716888427734
-41.39210510253906,25.641992568969727,92.78892517089844
-41.296417236328125,25.592945098876953,92.92263793945312
-41.22650146484375,25.529743194580078,93.04354095458984
-41.17184066772461,25.415008544921875,93.15925598144531
-41.1163215637207,25.256132125854492,93.26644134521484
-41.070159912109375,25.068525314331055,93.35491943359375
-41.00373077392578,24.886648178100586,93.43855285644531
-40.916419982910156,24.72342872619629,93.5288314819336
-40.82405090332031,24.5838680267334,93.62411499023438
-40.74756622314453,24.46268653869629,93.72763061523438
-40.698219299316406,24.351362228393555,93.83663177490234
-40.66865158081055,24.209442138671875,93.94560241699219
-40.6436653137207,24.017627716064453,94.052978515625
-40.613441467285156,23.783451080322266,94.15852355957031
-40.571693420410156,23.4743595123291,94.25922393798828
-40.51982498168945,23.10526466369629,94.35538482666016
-40.468292236328125,22.716903686523438,94.44343566894531
-40.45372772216797,22.338815689086914,94.51981353759766
-40.469017028808594,22.000734329223633,94.58828735351562
-40.50044250488281,21.697011947631836,94.65434265136719
-40.56877517700195,21.430099487304688,94.71298217773438
-40.70009994506836,21.232181549072266,94.7555923461914
-40.82304382324219,21.017000198364258,94.80038452148438
-40.90251922607422,20.67167091369629,94.86119842529297
-40.99855041503906,20.227500915527344,94.92793273925781
-41.14274215698242,19.761676788330078,94.99227905273438
-41.348445892333984,19.336729049682617,95.04840850830078
-41.53899383544922,18.93083381652832,95.0981674194336
-41.634639739990234,18.482728958129883,95.15042114257812
-41.56388473510742,17.907543182373047,95.2211685180664
-41.35824966430664,17.213224411010742,95.30152893066406
-41.08625411987305,16.504192352294922,95.37506866455078
-40.825706481933594,15.891449928283691,95.42442321777344
-40.652976989746094,15.417362213134766,95.45198822021484
-40.58824157714844,15.101381301879883,95.46240997314453
-40.62666702270508,14.918412208557129,95.46085357666016
-40.74626922607422,14.79996109008789,95.44196319580078
-40.883113861083984,14.67155647277832,95.40547180175781
-41.00066375732422,14.473760604858398,95.35790252685547
-41.035606384277344,14.180644989013672,95.31388092041016
-40.96957778930664,13.799739837646484,95.2851333618164
-40.82887268066406,13.348243713378906,95.26607513427734
-40.634403228759766,12.826048851013184,95.23587799072266
-40.39908218383789,12.203703880310059,95.17869567871094
-40.12990951538086,11.49120807647705,95.08013153076172
-39.714351654052734,11.141580581665039,95.09847259521484
-39.250694274902344,11.030561447143555,95.06492614746094
-38.8618049621582,11.243006706237793,94.95345306396484
-38.7259635925293,11.574870109558105,94.78491973876953
-38.765655517578125,11.790976524353027,94.61014556884766
-38.769893646240234,11.92622184753418,94.4519271850586
-38.64381408691406,11.991730690002441,94.32562255859375
-38.35043716430664,11.82275390625,94.24305725097656
-38.02949523925781,11.420604705810547,94.20899963378906
-37.731590270996094,10.858989715576172,94.21855163574219
-37.554107666015625,10.214176177978516,94.28837585449219
-37.502830505371094,9.493598937988281,94.42594146728516
-37.578460693359375,8.72823715209961,94.6157455444336
-37.54050827026367,8.150206565856934,94.79290008544922
-37.353118896484375,7.897618293762207,94.92071533203125
-37.15686798095703,7.965738773345947,95.00761413574219
-37.06520462036133,8.302348136901855,95.07102966308594
-37.10710906982422,8.816325187683105,95.09475708007812
-37.19784164428711,9.341750144958496,95.08401489257812
-37.29621124267578,9.762310981750488,95.06549835205078
-37.40574645996094,10.054028511047363,95.06021881103516
-37.437896728515625,10.335339546203613,95.06722259521484
-37.31779861450195,10.730937957763672,95.09351348876953
-37.0294303894043,11.298151016235352,95.12799072265625
-36.61518478393555,12.06118392944336,95.14947509765625
-36.12141418457031,12.952654838562012,95.15330505371094
-35.57982635498047,13.909906387329102,95.1258316040039
-35.01931381225586,14.819120407104492,95.067626953125
-34.461910247802734,15.606623649597168,94.9687271118164
-33.91714859008789,16.210447311401367,94.83760070800781
-33.378204345703125,16.67783546447754,94.68683624267578
-32.833099365234375,17.160810470581055,94.51653289794922
-32.267555236816406,17.763154983520508,94.34123992919922
-31.64014434814453,18.449954986572266,94.16536712646484
-31.039222717285156,19.139774322509766,94.01646423339844
-30.441205978393555,19.741273880004883,93.9070816040039
-29.822742462158203,20.174970626831055,93.84564971923828
-29.22461700439453,20.490463256835938,93.82818603515625
-28.673843383789062,20.698963165283203,93.8438491821289
-28.21388053894043,20.799217224121094,93.87612915039062
-27.834659576416016,20.876075744628906,93.90403747558594
-27.46753692626953,20.993820190429688,93.9145278930664
-27.075092315673828,21.186782836914062,93.9017105102539
-26.720233917236328,21.454309463500977,93.86347961425781
-26.4951114654541,21.815351486206055,93.79440307617188
-26.384668350219727,22.30988311767578,93.65824890136719
-26.34355926513672,22.91872787475586,93.40360260009766
-26.363981246948242,23.63042640686035,93.03247833251953
-26.41238021850586,24.3809757232666,92.59516906738281
-26.434749603271484,25.099714279174805,92.14396667480469
-26.459091186523438,25.739580154418945,91.70315551757812
-26.485754013061523,26.23238754272461,91.28755187988281
-26.508054733276367,26.600732803344727,90.89839935302734
-26.550708770751953,26.92380714416504,90.54659271240234
-26.604719161987305,27.141841888427734,90.27151489257812
-26.649860382080078,27.18157958984375,90.125244140625
-26.6863956451416,27.022769927978516,90.12713623046875
-26.716171264648438,26.68630027770996,90.27889251708984
-26.741601943969727,26.225540161132812,90.5556411743164
-26.764028549194336,25.732845306396484,90.86624145507812
-26.795289993286133,25.271326065063477,91.17623901367188
-26.841341018676758,24.891027450561523,91.45762634277344
-26.90489387512207,24.604589462280273,91.6933364868164
-27.00020408630371,24.398237228393555,91.87773132324219
-27.09581756591797,24.274492263793945,92.00688934326172
-27.183265686035156,24.267988204956055,92.07719421386719
-27.274816513061523,24.374223709106445,92.0900650024414
-27.392345428466797,24.59195327758789,92.06732940673828
-27.552597045898438,24.889263153076172,92.03571319580078
-27.75379180908203,25.222400665283203,92.0116195678711
-27.95040512084961,25.52609634399414,92.00594329833984
-28.12017822265625,25.746410369873047,92.04611206054688
-28.253585815429688,25.84426498413086,92.14836883544922
-28.355636596679688,25.792051315307617,92.32093048095703
-28.43496322631836,25.59855079650879,92.560302734375
-28.489944458007812,25.300168991088867,92.8602523803711
-28.522985458374023,24.932140350341797,93.20769500732422
-28.52185821533203,24.552806854248047,93.578125
-28.505163192749023,24.2095890045166,93.94524383544922
-28.48250961303711,23.898942947387695,94.29566192626953
-28.449859619140625,23.591796875,94.61515045166016
-28.392749786376953,23.328922271728516,94.89002227783203
-28.31793975830078,23.162080764770508,95.11209869384766
-28.242877960205078,23.07876968383789,95.286376953125
-28.188129425048828,23.033191680908203,95.43526458740234
-28.145212173461914,23.042551040649414,95.57386016845703
-28.117759704589844,23.105796813964844,95.70787811279297
-28.105545043945312,23.188894271850586,95.84752655029297
-28.10648536682129,23.22450065612793,96.00267028808594
-28.110538482666016,23.213491439819336,96.17289733886719
-28.12945556640625,23.148975372314453,96.35135650634766
-28.158241271972656,23.038042068481445,96.53031921386719
-28.187101364135742,22.920618057250977,96.70359802246094
-28.250507354736328,22.83191680908203,96.8785171508789
-28.33424186706543,22.720043182373047,97.05493927001953
-28.496952056884766,22.557109832763672,97.24667358398438
-28.751441955566406,22.369884490966797,97.46077728271484
-29.012134552001953,22.143526077270508,97.6776123046875
-29.265626907348633,21.870189666748047,97.89028930664062
-29.536849975585938,21.525981903076172,98.1004638671875
-29.784204483032227,21.13942527770996,98.28707885742188
-29.96527099609375,20.78801155090332,98.4211654663086
-30.094482421875,20.51676368713379,98.49754333496094
-30.19426918029785,20.293134689331055,98.52507019042969
-30.26445198059082,20.116575241088867,98.5167465209961
-30.30681610107422,20.022390365600586,98.47956085205078
-30.344478607177734,19.987548828125,98.42741394042969
-30.380020141601562,20.007322311401367,98.36888885498047
-30.41410255432129,20.092138290405273,98.31290435791016
-30.457298278808594,20.16904640197754,98.26820373535156
-30.505468368530273,20.159929275512695,98.24028778076172
-30.54205894470215,20.024860382080078,98.22926330566406
-30.518001556396484,19.75217056274414,98.2226791381836
-30.446287155151367,19.369421005249023,98.2118148803711
-30.3366641998291,18.94019889831543,98.1830825805664
-30.234548568725586,18.48536491394043,98.14309692382812
-30.144067764282227,18.0434513092041,98.09890747070312
-30.0668888092041,17.64583396911621,98.05843353271484
-29.995460510253906,17.328781127929688,98.02133178710938
-29.93423080444336,17.132041931152344,97.98223876953125
-29.88511085510254,17.046358108520508,97.93304443359375
-29.856094360351562,17.024015426635742,97.87738800048828
-29.828689575195312,17.023117065429688,97.82115936279297
-29.806846618652344,17.028318405151367,97.76671600341797
-29.780292510986328,17.0189151763916,97.71659088134766
-29.797040939331055,17.00226593017578,97.67780303955078
-29.877506256103516,16.965492248535156,97.64998626708984
-29.99699592590332,16.892885208129883,97.62891387939453
-30.145397186279297,16.801544189453125,97.61283874511719
-30.31586265563965,16.692033767700195,97.60099029541016
-30.48368263244629,16.55495834350586,97.58909606933594
-30.598371505737305,16.393220901489258,97.56999969482422
-30.652860641479492,16.215139389038086,97.54249572753906
-30.687515258789062,16.023479461669922,97.5040283203125
-30.73871421813965,15.815468788146973,97.45755004882812
-30.85167694091797,15.560195922851562,97.41105651855469
-31.05365562438965,15.223982810974121,97.37313842773438
-31.29271697998047,14.832090377807617,97.34039306640625
-31.51630401611328,14.479455947875977,97.29866790771484
-31.72797393798828,14.199448585510254,97.24059295654297
-31.905315399169922,13.977107048034668,97.16266632080078
-32.05256652832031,13.815279006958008,97.06683349609375
-32.17988204956055,13.767646789550781,96.96243286132812
-32.298885345458984,13.848373413085938,96.84708404541016
-32.40491485595703,14.002991676330566,96.70599365234375
-32.45817947387695,14.162102699279785,96.52875518798828
-32.43175506591797,14.293235778808594,96.31035614013672
-32.39183807373047,14.355470657348633,96.07633972167969
-32.378170013427734,14.303266525268555,95.84102630615234
-32.19895935058594,14.558884620666504,95.87909698486328
-32.221797943115234,14.888086318969727,95.85298156738281
-32.50849914550781,15.373717308044434,95.74474334716797
-32.75303268432617,15.868380546569824,95.59373474121094
-32.879371643066406,16.23625373840332,95.43233489990234
-33.00784683227539,16.413448333740234,95.2685317993164
-33.15462875366211,16.416650772094727,95.10366821289062
-33.268585205078125,16.291465759277344,94.9346694946289
-33.396968841552734,16.17115020751953,94.74462127685547
-33.662567138671875,16.23175811767578,94.5411376953125
-34.156166076660156,16.527372360229492,94.34778594970703
-34.79048156738281,16.86220932006836,94.18827819824219
-35.40085983276367,17.062070846557617,94.07860565185547
-35.83226013183594,17.121173858642578,94.03450012207031
-36.182838439941406,17.20783042907715,94.02542877197266
-36.61690902709961,17.39617919921875,94.02281951904297
-37.158660888671875,17.677410125732422,94.01814270019531
-37.67668914794922,17.937480926513672,94.01791381835938
-38.039039611816406,18.09225845336914,94.02500915527344
-38.2256965637207,18.101064682006836,94.02049255371094
-38.34474182128906,17.933629989624023,93.98388671875
-38.405887603759766,17.592147827148438,93.92474365234375
-38.42469024658203,17.192922592163086,93.85565185546875
-38.48435974121094,16.86626625061035,93.7632827758789
-38.67421340942383,16.6532039642334,93.64774322509766
-38.99299621582031,16.613859176635742,93.53836059570312
-39.44354248046875,16.78534698486328,93.44258880615234
-39.98117446899414,17.109397888183594,93.34093475341797
-40.49379348754883,17.492206573486328,93.22886657714844
-40.894161224365234,17.87660789489746,93.11972045898438
-41.1673583984375,18.252365112304688,93.03130340576172
-41.310733795166016,18.61619758605957,92.96128845214844
-41.34596633911133,18.912052154541016,92.93946075439453
-41.3282470703125,19.088268280029297,92.9747314453125
-41.29796600341797,19.151161193847656,93.05657958984375
-41.2734489440918,19.14150619506836,93.15120697021484
-41.29170608520508,19.12523651123047,93.2208480834961
-41.26637268066406,19.176530838012695,93.25184631347656
-41.48097610473633,19.296676635742188,93.19380187988281
-41.710289001464844,19.46457290649414,93.08646392822266
-41.79104232788086,19.65769386291504,92.96749877929688
-41.9338493347168,19.837766647338867,92.81282806396484
-42.11663055419922,19.960390090942383,92.63469696044922
-42.30140686035156,20.01395034790039,92.44549560546875
-42.50748825073242,20.050870895385742,92.23236083984375
-42.69369888305664,20.161447525024414,91.99964141845703
-42.89533233642578,20.324853897094727,91.75950622558594
-43.178466796875,20.483009338378906,91.5188217163086
-43.50514221191406,20.673486709594727,91.2679443359375
-43.772727966308594,20.863418579101562,91.03832244873047
-43.90873336791992,20.91519546508789,90.86382293701172
-43.97357940673828,20.812578201293945,90.73291015625
-44.077484130859375,20.68925666809082,90.61430358886719
-44.235740661621094,20.601030349731445,90.4864730834961
-44.417728424072266,20.493745803833008,90.35723876953125
-44.66868591308594,20.320436477661133,90.243896484375
-44.92469024658203,20.0615291595459,90.16470336914062
-45.132198333740234,19.664752960205078,90.10211944580078
-45.262882232666016,19.109098434448242,90.0629653930664
-45.265777587890625,18.498458862304688,90.08209991455078
-45.162513732910156,17.884389877319336,90.1382827758789
-44.90243911743164,17.387710571289062,90.22959899902344
-44.510032653808594,17.05184555053711,90.32772064208984
-44.05107879638672,16.823701858520508,90.40592956542969
-43.579200744628906,16.67337989807129,90.45687866210938
-43.104740142822266,16.61578941345215,90.45358276367188
-42.646549224853516,16.710371017456055,90.37989807128906
-42.258949279785156,16.984445571899414,90.26659393310547
-41.95751953125,17.394039154052734,90.1432113647461
-41.74365997314453,17.847421646118164,90.02901458740234
-41.59049606323242,18.23607635498047,89.95137786865234
-41.50090789794922,18.530214309692383,89.92854309082031
-41.46649932861328,18.707199096679688,89.97042083740234
-41.472442626953125,18.759057998657227,90.0635757446289
-41.500770568847656,18.746294021606445,90.19898986816406
-41.50356674194336,18.7454891204834,90.36819458007812
-41.45183563232422,18.787450790405273,90.558349609375
-41.327247619628906,18.884065628051758,90.741943359375
-41.11091613769531,19.034849166870117,90.8931884765625
-40.83500289916992,19.210403442382812,91.006591796875
-40.552650451660156,19.384349822998047,91.09455871582031
-40.28787612915039,19.567968368530273,91.16889190673828
-40.04909133911133,19.79160499572754,91.24079895019531
-39.83467483520508,20.0838565826416,91.31133270263672
-39.66127014160156,20.420774459838867,91.38795471191406
-39.510719299316406,20.783727645874023,91.47174835205078
-39.3819694519043,21.179290771484375,91.55393981933594
-39.27617263793945,21.576061248779297,91.6326675415039
-39.18694305419922,21.896886825561523,91.71893310546875
-39.06464385986328,22.119213104248047,91.8183364868164
-38.899658203125,22.2791805267334,91.93462371826172
-38.729652404785156,22.39529800415039,92.07537841796875
-38.565223693847656,22.44816780090332,92.23968505859375
-38.41415786743164,22.433826446533203,92.42366790771484
-38.287357330322266,22.38602638244629,92.61255645751953
-38.23314666748047,22.388635635375977,92.78135681152344
-38.219696044921875,22.45804786682129,92.92186737060547
-38.20970916748047,22.610591888427734,93.04196166992188
-38.191551208496094,22.849287033081055,93.14458465576172
-38.147037506103516,23.11812400817871,93.2271499633789
-38.077796936035156,23.38999366760254,93.2942886352539
-38.02858352661133,23.649499893188477,93.3495864868164
-38.00090789794922,23.8792724609375,93.39891052246094
-37.97854995727539,24.040700912475586,93.45318603515625
-37.98020935058594,24.142549514770508,93.52002716064453
-37.99951934814453,24.19385528564453,93.6110610961914
-38.03805160522461,24.22524070739746,93.7202377319336
-38.09092330932617,24.23105239868164,93.83729553222656
-38.14017105102539,24.20513343811035,93.96021270751953
-38.165740966796875,24.161039352416992,94.08563232421875
-38.16421127319336,24.093828201293945,94.21022033691406
-38.134586334228516,23.984609603881836,94.33499908447266
-38.12214660644531,23.848941802978516,94.45259094238281
-38.137516021728516,23.70790672302246,94.55855560302734
-38.167083740234375,23.561176300048828,94.65431213378906
-38.18330001831055,23.409835815429688,94.74268341064453
-38.18168258666992,23.267528533935547,94.81692504882812
-38.18354415893555,23.174287796020508,94.87445831298828
-38.19923400878906,23.138090133666992,94.92242431640625
-38.22154998779297,23.06342315673828,94.96439361572266
-38.20803451538086,22.89180564880371,95.00645446777344
-38.193870544433594,22.727745056152344,95.0498046875
-38.182979583740234,22.573469161987305,95.09333801269531
-38.179752349853516,22.377939224243164,95.14250946044922
-38.19059753417969,22.164398193359375,95.19168853759766
-38.19034957885742,21.98027229309082,95.24020385742188
-38.15938949584961,21.843902587890625,95.28898620605469
-38.09882736206055,21.702695846557617,95.33381652832031
-38.018062591552734,21.558298110961914,95.37602996826172
-37.92848205566406,21.441736221313477,95.41445922851562
-37.844444274902344,21.34166717529297,95.44415283203125
-37.78905487060547,21.235876083374023,95.46186065673828
-37.76800537109375,21.124940872192383,95.4686050415039
-37.76563262939453,21.005388259887695,95.46929931640625
-37.76371765136719,20.855195999145508,95.46910858154297
-37.76563262939453,20.67844581604004,95.47280883789062
-37.78206253051758,20.469758987426758,95.4791488647461
-37.805362701416016,20.25372314453125,95.48789978027344
-37.80508041381836,20.065675735473633,95.5030517578125
-37.78950881958008,19.878761291503906,95.5185775756836
-37.7768669128418,19.663646697998047,95.528564453125
-37.754825592041016,19.427846908569336,95.53022003173828
-37.72767639160156,19.217763900756836,95.52294158935547
-37.73587417602539,19.04108238220215,95.49837493896484
-37.78959655761719,18.876310348510742,95.45830535888672
-37.84505081176758,18.720439910888672,95.41287231445312
-37.85230255126953,18.57437515258789,95.37250518798828
-37.81498718261719,18.43123435974121,95.34336853027344
-37.78921890258789,18.24961280822754,95.32011413574219
-37.84113311767578,18.01774787902832,95.29395294189453
-37.93709945678711,17.783180236816406,95.26600646972656
-37.99070358276367,17.55449676513672,95.24149322509766
-37.976627349853516,17.34100914001465,95.22399139404297
-37.97612380981445,17.162214279174805,95.19950103759766
-37.966732025146484,16.97616195678711,95.16285705566406
-37.89851379394531,16.756946563720703,95.12588500976562
-37.779029846191406,16.520782470703125,95.09562683105469
-37.6153450012207,16.291715621948242,95.0674819946289
-37.46822738647461,16.048179626464844,95.03703308105469
-37.34152603149414,15.788849830627441,95.00973510742188
-37.19135665893555,15.512016296386719,94.99002838134766
-36.987186431884766,15.226316452026367,94.98107147216797
-36.72529983520508,14.965415954589844,94.97904968261719
-36.47576141357422,14.717950820922852,94.9659423828125
-36.304603576660156,14.479832649230957,94.9340591430664
-36.2085075378418,14.314288139343262,94.89642333984375
-36.1309814453125,14.283920288085938,94.86764526367188
-36.06422424316406,14.369852066040039,94.85124969482422
-36.01749801635742,14.489920616149902,94.8439712524414
-35.94801712036133,14.570385932922363,94.84929656982422
-35.80954360961914,14.566926956176758,94.8739013671875
-35.5775032043457,14.514204025268555,94.90904998779297
-35.28645706176758,14.416394233703613,94.93374633789062
-34.99067687988281,14.317606925964355,94.91461944580078
-34.796722412109375,13.990616798400879,95.03276062011719
-34.65791320800781,13.57320499420166,95.1696548461914
-34.55650329589844,13.191375732421875,95.30021667480469
-34.475589752197266,12.885379791259766,95.41511535644531
-34.433250427246094,12.600533485412598,95.52610778808594
-34.41474914550781,12.362265586853027,95.63928985595703
-34.35590362548828,12.1878662109375,95.74510192871094
-34.26349639892578,12.010995864868164,95.85020446777344
-34.16448211669922,11.811283111572266,95.97129821777344
-34.042579650878906,11.63591480255127,96.11213684082031
-33.92179870605469,11.52676773071289,96.2630386352539
-33.90740203857422,11.446961402893066,96.41787719726562
-33.9571418762207,11.441302299499512,96.56578826904297
-34.034461975097656,11.444952964782715,96.70818328857422
-34.10985565185547,11.402337074279785,96.84815979003906
-34.201908111572266,11.284814834594727,96.9918212890625
-34.27448272705078,11.168046951293945,97.14523315429688
-34.2529182434082,11.100422859191895,97.31275939941406
-34.19537353515625,11.209643363952637,97.48295593261719
-34.133487701416016,11.574138641357422,97.62609100341797
-34.06591033935547,12.207262992858887,97.71186828613281
-33.98102951049805,13.049322128295898,97.72909545898438
-33.80500030517578,14.031927108764648,97.68590545654297
-33.549072265625,14.97812271118164,97.60497283935547
-33.30508041381836,15.846332550048828,97.50425720214844
-33.03362274169922,16.575105667114258,97.38544464111328
-32.74702835083008,17.198129653930664,97.267333984375
-32.45273971557617,17.76732063293457,97.15364074707031
-32.11803436279297,18.348176956176758,97.03707885742188
-31.70208740234375,18.92059898376465,96.92132568359375
-31.283193588256836,19.467390060424805,96.80635070800781
-30.853374481201172,19.909658432006836,96.70587921142578
-30.420621871948242,20.27115821838379,96.61356353759766
-29.935447692871094,20.611949920654297,96.5048599243164
-29.390064239501953,20.824499130249023,96.40369415283203
-28.811235427856445,20.870243072509766,96.32992553710938
-28.162094116210938,20.870649337768555,96.27765655517578
-27.527738571166992,21.004268646240234,96.23855590820312
-26.963661193847656,21.317276000976562,96.2147216796875
-26.501495361328125,21.769765853881836,96.17061614990234
-26.18885040283203,22.321805953979492,96.07866668701172
-26.08416175842285,23.033912658691406,95.90485382080078
-26.12727928161621,23.819761276245117,95.61093139648438
-26.254066467285156,24.61117935180664,95.20922088623047
-26.333343505859375,25.199495315551758,94.7778549194336
-26.29365348815918,25.592506408691406,94.39275360107422
-26.217920303344727,25.90203857421875,94.04835510253906
-26.19611358642578,26.10560417175293,93.7506332397461
-26.277347564697266,26.188037872314453,93.49514770507812
-26.43071174621582,26.10685920715332,93.3065185546875
-26.613706588745117,25.863990783691406,93.20338439941406
-26.78334617614746,25.43819236755371,93.19342803955078
-26.924602508544922,24.84005355834961,93.28378295898438
-27.048776626586914,24.12067985534668,93.46755981445312
-27.15155601501465,23.339080810546875,93.72352600097656
-27.201574325561523,22.55362319946289,94.00850677490234
-27.239212036132812,21.879579544067383,94.2787094116211
-27.29932403564453,21.410263061523438,94.50663757324219
-27.375133514404297,21.140348434448242,94.67906951904297
-27.5100040435791,21.000593185424805,94.79920196533203
-27.691587448120117,20.93667221069336,94.86834716796875
-27.903059005737305,20.92945671081543,94.88740539550781
-28.120826721191406,20.947111129760742,94.87191772460938
-28.320518493652344,20.953929901123047,94.84959411621094
-28.488361358642578,20.940088272094727,94.84571838378906
-28.642271041870117,20.900760650634766,94.8803939819336
-28.79071617126465,20.83791160583496,94.96007537841797
-28.93950080871582,20.73377227783203,95.08653259277344
-29.10106658935547,20.5601749420166,95.26770782470703
-29.270267486572266,20.26695442199707,95.49557495117188
-29.447376251220703,19.83951187133789,95.75065612792969
-29.61606216430664,19.28919219970703,96.01173400878906
-29.780838012695312,18.727916717529297,96.268798828125
-29.95234489440918,18.246492385864258,96.5148696899414
-30.08393096923828,17.861282348632812,96.7296142578125
-30.15975570678711,17.610353469848633,96.8975601196289
-30.199756622314453,17.534664154052734,97.00926971435547
-30.190610885620117,17.62462043762207,97.061767578125
-30.15845489501953,17.81299591064453,97.06684112548828
-30.10122299194336,18.026411056518555,97.03291320800781
-30.040456771850586,18.23458480834961,96.97484588623047
-29.977310180664062,18.40218162536621,96.90560913085938
-29.891983032226562,18.517581939697266,96.84613037109375
-29.7778263092041,18.629037857055664,96.80189514160156
-29.661190032958984,18.781375885009766,96.77423095703125
-29.574462890625,18.965055465698242,96.76563262939453
-29.50834846496582,19.161962509155273,96.7724380493164
-29.42133140563965,19.336673736572266,96.78218841552734
-29.335948944091797,19.433517456054688,96.79962921142578
-29.328147888183594,19.375581741333008,96.83820343017578
-29.442935943603516,19.094696044921875,96.9087142944336
-29.579439163208008,18.681346893310547,97.00575256347656
-29.707252502441406,18.289630889892578,97.1068115234375
-29.86009979248047,18.01991081237793,97.18879699707031
-30.047256469726562,17.869400024414062,97.25540161132812
-30.273771286010742,17.801651000976562,97.31946563720703
-30.52794075012207,17.721193313598633,97.3796157836914
-30.734779357910156,17.547800064086914,97.41717529296875
-30.845083236694336,17.257606506347656,97.42908477783203
-30.846342086791992,16.8897762298584,97.42044830322266
-30.736675262451172,16.52642250061035,97.40373992919922
-30.539371490478516,16.264942169189453,97.38724517822266
-30.294464111328125,16.125526428222656,97.36463165283203
-30.09918975830078,16.062437057495117,97.33683013916016
-30.00563621520996,16.033517837524414,97.30427551269531
-30.003097534179688,16.02798080444336,97.26544952392578
-30.045286178588867,16.0140380859375,97.22138977050781
-30.110748291015625,15.972635269165039,97.17732238769531
-30.13629150390625,15.874140739440918,97.14592742919922
-30.093313217163086,15.702920913696289,97.14185333251953
-30.00534439086914,15.471261024475098,97.16935729980469
-29.904752731323242,15.206756591796875,97.22628784179688
-29.81644058227539,14.935507774353027,97.3060302734375
-29.81100082397461,14.694981575012207,97.389892578125
-29.88271713256836,14.451004028320312,97.45918273925781
-29.998870849609375,14.185726165771484,97.51358795166016
-30.123796463012695,13.917492866516113,97.54368591308594
-30.226011276245117,13.658340454101562,97.54338836669922
-30.29753875732422,13.423405647277832,97.52433013916016
-30.33003044128418,13.230371475219727,97.50688934326172
-30.35092544555664,13.096689224243164,97.49887084960938
-30.405460357666016,13.057621002197266,97.50875854492188
-30.482389450073242,13.09467601776123,97.52738952636719
-30.568056106567383,13.177913665771484,97.54652404785156
-30.651546478271484,13.26548957824707,97.56310272216797
-30.74612045288086,13.317122459411621,97.57752227783203
-30.871915817260742,13.298677444458008,97.593994140625
-31.026962280273438,13.218243598937988,97.60887908935547
-31.184478759765625,13.141457557678223,97.61100769042969
-31.346298217773438,13.099798202514648,97.59513854980469
-31.508472442626953,13.097100257873535,97.56324768066406
-31.675586700439453,13.119877815246582,97.52630615234375
-31.84217071533203,13.155158996582031,97.49688720703125
-32.023651123046875,13.179558753967285,97.4769058227539
-32.20973205566406,13.176624298095703,97.46427917480469
-32.38591003417969,13.133498191833496,97.45357513427734
-32.54490661621094,13.064332008361816,97.43862915039062
-32.70784378051758,13.003941535949707,97.41497802734375
-32.89413070678711,12.97668170928955,97.37725830078125
-33.0894889831543,12.975118637084961,97.3218002319336
-33.278778076171875,13.0118989944458,97.25143432617188
-33.44575500488281,13.130496978759766,97.17127990722656
-33.58170700073242,13.325690269470215,97.0861587524414
-33.674346923828125,13.55484390258789,96.99671173095703
-33.73398208618164,13.767868995666504,96.90074157714844
-33.79811477661133,13.94438362121582,96.79664611816406
-33.90036392211914,14.063039779663086,96.68778991699219
-34.02953338623047,14.144709587097168,96.58504486083984
-34.190879821777344,14.193716049194336,96.49848175048828
-34.383914947509766,14.21308422088623,96.44296264648438
-34.610076904296875,14.232261657714844,96.42466735839844
-34.83811569213867,14.262349128723145,96.42475891113281
-35.062965393066406,14.298198699951172,96.42547607421875
-35.30543518066406,14.338926315307617,96.41177368164062
-35.6005973815918,14.380697250366211,96.37193298339844
-35.95945358276367,14.434507369995117,96.31012725830078
-36.37196731567383,14.565886497497559,96.24327850341797
-36.80912780761719,14.817780494689941,96.17784118652344
-37.2498779296875,15.19835090637207,96.11554718017578
-37.68442916870117,15.702682495117188,96.0598373413086
-38.0965576171875,16.302322387695312,96.00828552246094
-38.498905181884766,16.957595825195312,95.9584732055664
-38.88611602783203,17.607906341552734,95.9100341796875
-39.23036193847656,18.202478408813477,95.86474609375
-39.51826477050781,18.71145248413086,95.81189727783203
-39.755733489990234,19.108301162719727,95.73828125
-39.964664459228516,19.396442413330078,95.63558959960938
-40.167640686035156,19.625537872314453,95.50048828125
-40.360992431640625,19.859325408935547,95.33789825439453
-40.52341079711914,20.176095962524414,95.11939239501953
-40.648128509521484,20.649660110473633,94.82013702392578
-40.95387268066406,20.69316864013672,94.78279876708984
-41.30686950683594,20.896520614624023,94.75484466552734
-41.735198974609375,21.223894119262695,94.74717712402344
-42.17439270019531,21.638568878173828,94.74507141113281
-42.549781799316406,22.068880081176758,94.73422241210938
-42.877174377441406,22.394201278686523,94.72660064697266
-43.144020080566406,22.54729652404785,94.72346496582031
-43.321224212646484,22.527572631835938,94.71466064453125
-43.347373962402344,22.429956436157227,94.69178009033203
-43.25879669189453,22.360654830932617,94.63992309570312
-43.16425704956055,22.42986488342285,94.57486724853516
-43.17406463623047,22.705900192260742,94.49391174316406
-43.39896011352539,23.179624557495117,94.400634765625
-43.83708190917969,23.79973030090332,94.31719207763672
-44.35203552246094,24.550485610961914,94.23731231689453
-44.84590148925781,25.355648040771484,94.1593246459961
-45.266929626464844,26.077068328857422,94.09954833984375
-45.54640579223633,26.625579833984375,94.06111145019531
-45.707725524902344,26.999956130981445,94.06351470947266
-45.834754943847656,27.22477912902832,94.11132049560547
-45.9166259765625,27.317991256713867,94.18714141845703
-45.830387115478516,27.286489486694336,94.28937530517578
-45.76703643798828,27.114601135253906,94.39095306396484
-45.89779281616211,26.796911239624023,94.46334075927734
-45.93049621582031,26.354820251464844,94.56211853027344
-45.90513610839844,25.867116928100586,94.68496704101562
-46.021148681640625,25.408506393432617,94.79553985595703
-46.29047393798828,25.074481964111328,94.87495422363281
-46.614723205566406,24.890161514282227,94.89491271972656
-47.01795196533203,24.87870216369629,94.82901000976562
-47.43809127807617,24.961917877197266,94.68989562988281
-47.79875946044922,25.03805923461914,94.48735046386719
-48.07561492919922,25.09444808959961,94.23407745361328
-48.26741409301758,25.177570343017578,93.97964477539062
-48.394432067871094,25.269819259643555,93.75640106201172
-48.47517395019531,25.305387496948242,93.56412506103516
-48.49605941772461,25.279489517211914,93.38378143310547
-48.49049377441406,25.226783752441406,93.20243072509766
-48.426631927490234,25.1760311126709,93.00152587890625
-48.316200256347656,25.11016845703125,92.77239227294922
-48.19306945800781,25.002065658569336,92.5345687866211
-48.08378219604492,24.82655143737793,92.31575775146484
-48.00336456298828,24.602901458740234,92.1397705078125
-47.94770812988281,24.296894073486328,92.01969146728516
-47.904170989990234,23.868085861206055,91.97236633300781
-47.82170867919922,23.335189819335938,92.01681518554688
-47.68396759033203,22.766372680664062,92.12843322753906
-47.50295639038086,22.207883834838867,92.26887512207031
-47.29131317138672,21.71262550354004,92.41321563720703
-47.066104888916016,21.2987060546875,92.52621459960938
-46.84893035888672,20.958723068237305,92.57772064208984
-46.63591003417969,20.7202091217041,92.56427764892578
-46.389381408691406,20.633678436279297,92.4992904663086
-46.13142395019531,20.73221206665039,92.38572692871094
-45.87361145019531,21.019968032836914,92.23936462402344
-45.6020393371582,21.4210147857666,92.08732604980469
-45.33212661743164,21.858715057373047,91.95101928710938
-45.10389709472656,22.278535842895508,91.84521484375
-44.90174102783203,22.62466049194336,91.78425598144531
-44.71759033203125,22.87420082092285,91.78553771972656
-44.546119689941406,23.019474029541016,91.8587875366211
-44.380332946777344,23.05595588684082,91.99430847167969
-44.21552658081055,22.98632049560547,92.16907501220703
-44.0725212097168,22.86547088623047,92.36396789550781
-43.94387435913086,22.742015838623047,92.56250762939453
-43.80335998535156,22.640668869018555,92.74897003173828
-43.671485900878906,22.54899024963379,92.91299438476562
-43.571861267089844,22.45150375366211,93.04674530029297
-43.479637145996094,22.362285614013672,93.14342498779297
-43.36768341064453,22.301654815673828,93.20884704589844
-43.24099349975586,22.255109786987305,93.2486343383789
-43.12623977661133,22.2811336517334,93.27738189697266
-43.03953170776367,22.38605308532715,93.29370880126953
-42.96377944946289,22.586423873901367,93.3055648803711
-42.898658752441406,22.899364471435547,93.32508850097656
-42.856529235839844,23.259885787963867,93.3626708984375
-42.81868362426758,23.584224700927734,93.41999053955078
-42.7525749206543,23.83149528503418,93.50446319580078
-42.64879608154297,23.92105484008789,93.6212387084961
-42.493953704833984,23.806455612182617,93.76714324951172
-42.32544708251953,23.538503646850586,93.92271423339844
-42.20228576660156,23.231586456298828,94.06859588623047
-42.12541580200195,22.960147857666016,94.19227600097656
-42.0669059753418,22.76520347595215,94.2886734008789
-42.024600982666016,22.67057228088379,94.36112976074219
-42.007965087890625,22.661890029907227,94.40424346923828
-41.9881591796875,22.678068161010742,94.43594360351562
-41.985809326171875,22.677419662475586,94.46577453613281
-41.9969482421875,22.647367477416992,94.491455078125
-41.99180221557617,22.582225799560547,94.51993560791016
-42.02052307128906,22.476726531982422,94.54292297363281
-42.08913040161133,22.32438087463379,94.56299591064453
-42.12813949584961,22.178386688232422,94.6021957397461
-42.148258209228516,22.043554306030273,94.66021728515625
-42.1683349609375,21.909120559692383,94.7333984375
-42.17758560180664,21.773303985595703,94.8125
-42.169654846191406,21.610443115234375,94.89857482910156
-42.1807861328125,21.38462257385254,94.98725891113281
-42.1926383972168,21.08897590637207,95.07205963134766
-42.147640228271484,20.74708366394043,95.15518188476562
-42.06876754760742,20.4000186920166,95.23290252685547
-41.9884147644043,20.09893798828125,95.29618835449219
-41.946006774902344,19.861221313476562,95.33523559570312
-41.92241668701172,19.693639755249023,95.36144256591797
-41.90428161621094,19.572757720947266,95.3882827758789
-41.91725158691406,19.454103469848633,95.4193344116211
-41.96019744873047,19.32973861694336,95.44844055175781
-41.994686126708984,19.1806640625,95.4744644165039
-42.00752639770508,19.02567481994629,95.4925765991211
-42.007511138916016,18.8763484954834,95.50325012207031
-42.00164794921875,18.739776611328125,95.51152038574219
-41.998565673828125,18.603317260742188,95.52251434326172
-42.00955581665039,18.45624351501465,95.5338134765625
-42.026912689208984,18.290246963500977,95.54230499267578
-42.03011703491211,18.13509750366211,95.54763793945312
-42.04997253417969,18.007118225097656,95.54251098632812
-42.08247375488281,17.906396865844727,95.52916717529297
-42.0950813293457,17.834068298339844,95.52141571044922
-42.077632904052734,17.77060317993164,95.52694702148438
-42.04909133911133,17.668933868408203,95.54219055175781
-42.01987838745117,17.511796951293945,95.56041717529297
-42.00099182128906,17.322534561157227,95.5755844116211
-42.01002502441406,17.111555099487305,95.5814208984375
-42.032135009765625,16.86504364013672,95.57807159423828
-42.06851577758789,16.61893081665039,95.56404113769531
-42.122135162353516,16.416004180908203,95.53607177734375
-42.166786193847656,16.24424171447754,95.4979248046875
-42.169395446777344,16.062915802001953,95.46259307861328
-42.121070861816406,15.883318901062012,95.43366241455078
-42.041446685791016,15.718986511230469,95.40467071533203
-41.909568786621094,15.617890357971191,95.37662506103516
-41.74955368041992,15.564512252807617,95.34639739990234
-41.589237213134766,15.531150817871094,95.31108093261719
-41.44700622558594,15.507497787475586,95.26795196533203
-41.351654052734375,15.500249862670898,95.21351623535156
-41.298004150390625,15.475890159606934,95.15164947509766
-41.243614196777344,15.445085525512695,95.09264373779297
-41.18089294433594,15.425601959228516,95.04085540771484
-41.11913299560547,15.393688201904297,94.99402618408203
-41.06941223144531,15.34721565246582,94.9543228149414
-41.0014533996582,15.311516761779785,94.92588806152344
-40.93040466308594,15.261635780334473,94.90448760986328
-40.8441162109375,15.2048921585083,94.88606262207031
-40.75492477416992,15.169087409973145,94.86653137207031
-40.692317962646484,15.08692455291748,94.84432983398438
-40.630943298339844,14.986821174621582,94.82937622070312
-40.57307434082031,14.904584884643555,94.82240295410156
-40.531925201416016,14.832127571105957,94.82295989990234
-40.485557556152344,14.751178741455078,94.83570098876953
-40.54037094116211,14.993650436401367,94.89952850341797
-40.58906555175781,15.14574146270752,94.9678726196289
-40.498348236083984,15.165932655334473,95.04840087890625
-40.2510986328125,15.112645149230957,95.12983703613281
-39.87857437133789,15.040403366088867,95.21147155761719
-39.49722671508789,14.962544441223145,95.30613708496094
-39.145328521728516,14.835470199584961,95.42212677001953
-38.84068298339844,14.631853103637695,95.55435180664062
-38.559181213378906,14.381696701049805,95.68955993652344
-38.306861877441406,14.134928703308105,95.81149291992188
-38.09931182861328,13.95632266998291,95.90755462646484
-37.9312858581543,13.868407249450684,95.97867584228516
-37.80332565307617,13.869729995727539,96.0289306640625
-37.72534942626953,13.946396827697754,96.0686264038086
-37.68535614013672,14.081975936889648,96.10320281982422
-37.673797607421875,14.270416259765625,96.13168334960938
-37.655208587646484,14.47508430480957,96.15391540527344
-37.61369323730469,14.68162727355957,96.17237091064453
-37.5389518737793,14.898344039916992,96.18986511230469
-37.43757629394531,15.12328815460205,96.20756530761719
-37.309181213378906,15.34004020690918,96.22754669189453
-37.14945983886719,15.54228401184082,96.25419616699219
-36.96238327026367,15.716522216796875,96.28563690185547
-36.75342559814453,15.818316459655762,96.31624603271484
-36.524776458740234,15.835245132446289,96.34249114990234
-36.29905319213867,15.7747163772583,96.36064910888672
-36.09888458251953,15.634504318237305,96.36920928955078
-35.94192123413086,15.416122436523438,96.366455078125
-35.817691802978516,15.166780471801758,96.35154724121094
-35.70145797729492,14.928573608398438,96.32019805908203
-35.591983795166016,14.7193021774292,96.2784423828125
-35.51754379272461,14.539421081542969,96.2293701171875
-35.488914489746094,14.390288352966309,96.17887115478516
-35.503173828125,14.267183303833008,96.13223266601562
-35.54935073852539,14.159878730773926,96.08680725097656
-35.622093200683594,14.067984580993652,96.04033660888672
-35.71138000488281,13.980353355407715,95.99436950683594
-35.790245056152344,13.874468803405762,95.9496078491211
-35.84429931640625,13.755820274353027,95.90606689453125
-35.86287307739258,13.623542785644531,95.86929321289062
-35.851829528808594,13.45298957824707,95.83674621582031
-35.826332092285156,13.24788761138916,95.80843353271484
-35.80131530761719,13.000493049621582,95.78743743896484
-35.79069137573242,13.179396629333496,95.87492370605469
-35.88174819946289,13.50102710723877,95.94703674316406
-35.831302642822266,13.714190483093262,95.99270629882812
-35.623939514160156,13.744844436645508,96.01223754882812
-35.305572509765625,13.644630432128906,96.00642395019531
-34.99890899658203,13.573781967163086,95.97938537597656
-34.751731872558594,13.555054664611816,95.92879486083984
-34.57356262207031,13.54571533203125,95.85983276367188
-34.446598052978516,13.56749439239502,95.78264617919922
-34.34971618652344,13.631669998168945,95.70556640625
-34.24188232421875,13.742213249206543,95.63894653320312
-34.134071350097656,13.871036529541016,95.58856201171875
-34.047183990478516,14.001683235168457,95.5543441772461
-33.98006820678711,14.132853507995605,95.53385925292969
-33.904052734375,14.229484558105469,95.5237808227539
-33.81858825683594,14.263239860534668,95.53031921386719
-33.76182556152344,14.22293472290039,95.55015563964844
-33.78164291381836,14.127680778503418,95.57917785644531
-33.888492584228516,14.06326675415039,95.61048126220703
-34.048091888427734,14.096421241760254,95.63883972167969
-34.23769760131836,14.239274024963379,95.66671752929688
-34.457374572753906,14.463982582092285,95.69320678710938
-34.65510940551758,14.68734359741211,95.71141815185547
-34.74341583251953,14.792892456054688,95.71570587158203
-34.70764923095703,14.769888877868652,95.70520782470703
-34.589317321777344,14.616832733154297,95.68323516845703
-34.45845413208008,14.410637855529785,95.65477752685547
-34.350494384765625,14.217655181884766,95.62896728515625
-34.29579162597656,14.113883018493652,95.60821533203125
-34.28471374511719,14.125967979431152,95.58902740478516
-34.31574249267578,14.225554466247559,95.5722885131836
-34.38616180419922,14.374550819396973,95.55728912353516
-34.502220153808594,14.542702674865723,95.5445556640625
-34.66253662109375,14.713436126708984,95.53702545166016
-34.8527946472168,14.893478393554688,95.5314712524414
-35.0478515625,15.077007293701172,95.5245590209961
-35.24462890625,15.227670669555664,95.52086639404297
-35.425987243652344,15.313963890075684,95.5192642211914
-35.57581329345703,15.336226463317871,95.517578125
-35.70875930786133,15.333984375,95.5087661743164
-35.840423583984375,15.33598518371582,95.48849487304688
-35.9847297668457,15.35329818725586,95.45620727539062
-36.149635314941406,15.382345199584961,95.4181137084961
-36.319583892822266,15.407979965209961,95.37799072265625
-36.48210144042969,15.405558586120605,95.33987426757812
-36.64757537841797,15.368847846984863,95.30792236328125
-36.80570983886719,15.302436828613281,95.28258514404297
-36.92396545410156,15.202446937561035,95.26691436767578
-37.01872253417969,15.094585418701172,95.2587661743164
-37.1103515625,15.030832290649414,95.25005340576172
-37.19463348388672,15.010810852050781,95.2381820678711
-37.2719612121582,15.005553245544434,95.22636413574219
-37.338531494140625,15.02449893951416,95.21025085449219
-37.389408111572266,15.057090759277344,95.19274139404297
-37.431575775146484,15.090725898742676,95.17800903320312
-37.47187423706055,15.122057914733887,95.16748809814453
-37.50536346435547,15.129295349121094,95.16099548339844
-37.52396011352539,15.104241371154785,95.15982818603516
-37.528419494628906,15.060859680175781,95.16410064697266
-37.51798629760742,15.0089111328125,95.1723403930664
-37.49521255493164,14.955315589904785,95.18378448486328
-37.47306823730469,14.903186798095703,95.20054626464844
-37.45173263549805,14.861708641052246,95.2195053100586
-37.434181213378906,14.836807250976562,95.240478515625
-37.41553497314453,14.828523635864258,95.26036834716797
-37.398372650146484,14.842887878417969,95.27816009521484
-37.38951110839844,14.880048751831055,95.29122161865234
-37.391334533691406,14.92878532409668,95.3003921508789
-37.402992248535156,14.978309631347656,95.30531311035156
-37.420013427734375,15.0276460647583,95.30733489990234
-37.44101333618164,15.072794914245605,95.30833435058594
-37.46709442138672,15.109212875366211,95.30947875976562
-37.49781036376953,15.137948036193848,95.31140899658203
-37.5211067199707,15.162260055541992,95.3141860961914
-37.531524658203125,15.184803009033203,95.31704711914062
-37.525718688964844,15.202310562133789,95.3205795288086
-37.517372131347656,15.211831092834473,95.32564544677734
-37.516143798828125,15.209428787231445,95.3341064453125
-37.517189025878906,15.190187454223633,95.34680938720703
-37.51584243774414,15.163956642150879,95.36012268066406
-37.51203918457031,15.142403602600098,95.37210845947266
-37.50774002075195,15.118919372558594,95.38221740722656
-37.50387191772461,15.094416618347168,95.39085388183594
-37.50680923461914,15.069384574890137,95.3983383178711
-37.51072692871094,15.044034957885742,95.40441131591797
-37.51873779296875,15.029973983764648,95.40647888183594
-37.52178955078125,15.03062915802002,95.40602111816406
-37.5276985168457,15.040075302124023,95.40352630615234
-37.54253387451172,15.057619094848633,95.40105438232422
-37.56026077270508,15.073005676269531,95.39801788330078
-37.57849884033203,15.085684776306152,95.39407348632812
-37.595863342285156,15.090317726135254,95.39110565185547
-37.609893798828125,15.082903861999512,95.38954162597656
-37.61537170410156,15.065634727478027,95.38861083984375
-37.61383819580078,15.0420503616333,95.38813781738281
-37.60352325439453,15.01378059387207,95.38812255859375
-37.59211730957031,14.99138355255127,95.38931274414062
-37.582061767578125,14.979996681213379,95.39094543457031
-37.56736755371094,14.974778175354004,95.3939437866211
-37.545475006103516,14.96985912322998,95.39688110351562
-37.52587890625,14.970345497131348,95.39959716796875
-37.51126480102539,14.98058032989502,95.40150451660156
-37.49971008300781,14.99404525756836,95.40199279785156
-37.489105224609375,15.007516860961914,95.40058898925781
-37.47795867919922,15.020088195800781,95.39820861816406
-37.472625732421875,15.032890319824219,95.39529418945312
-37.46877670288086,15.044132232666016,95.39312744140625
-37.46998596191406,15.047344207763672,95.39362335205078
-37.466407775878906,15.026445388793945,95.39774322509766
-37.46938705444336,14.988591194152832,95.4053955078125
-37.47749710083008,14.964056015014648,95.41108703613281
-37.49609375,14.961042404174805,95.41459655761719
-37.516441345214844,14.961504936218262,95.41899871826172
-37.538307189941406,14.95702075958252,95.42311096191406
-37.55986785888672,14.95053482055664,95.42626190185547
-37.58401870727539,14.938247680664062,95.4309310913086
-37.598419189453125,14.919676780700684,95.43656158447266
-37.6015510559082,14.893173217773438,95.44464874267578
-37.61448669433594,14.866581916809082,95.45590209960938
-37.626380920410156,14.839356422424316,95.46918487548828
-37.65045166015625,14.815305709838867,95.48209381103516
-37.67181396484375,14.793710708618164,95.49249267578125
-37.68994903564453,14.775188446044922,95.50018310546875
-37.711185455322266,14.759977340698242,95.50645446777344
-37.73013687133789,14.75024700164795,95.51158142089844
-37.74625015258789,14.73833179473877,95.51546478271484
-37.76133346557617,14.721202850341797,95.51868438720703
-37.777313232421875,14.697516441345215,95.52207946777344
-37.79741668701172,14.684700965881348,95.52527618408203
-37.815162658691406,14.678288459777832,95.5282974243164
-37.83596420288086,14.678133010864258,95.52976989746094
-37.85621643066406,14.679627418518066,95.53070831298828
-37.880348205566406,14.679170608520508,95.5311508178711
-37.902469635009766,14.68543529510498,95.53097534179688
-37.91911315917969,14.692607879638672,95.53005981445312
-37.940452575683594,14.70681095123291,95.52799224853516
-37.96863555908203,14.721047401428223,95.5260238647461
-37.99481964111328,14.741593360900879,95.52497863769531
-38.01777267456055,14.76047134399414,95.52537536621094
-38.036529541015625,14.769997596740723,95.52654266357422
-38.05493927001953,14.774555206298828,95.52745819091797
-38.07292938232422,14.780573844909668,95.52734375
-38.09495544433594,14.781817436218262,95.52696990966797
-38.114418029785156,14.77299690246582,95.52703857421875
-38.126651763916016,14.761369705200195,95.5267105102539
-38.13169860839844,14.760374069213867,95.525390625
-38.13862991333008,14.76547908782959,95.52442932128906
